timestamp,header,latitude,longitude,altitude,accuracy,speed,heading,tracking,gps_fix,status
1711460713.5931654,"std_msgs.msg.Header(stamp=builtin_interfaces.msg.Time(sec=1709002546, nanosec=779225250), frame_id='gps')",0.0,0.0,0.0,0.0,0.0,0.0,0,0,190
1711460713.893432,"std_msgs.msg.Header(stamp=builtin_interfaces.msg.Time(sec=1709002547, nanosec=119505375), frame_id='gps')",0.0,0.0,0.0,0.0,0.0,0.0,0,0,191
1711460714.1937304,"std_msgs.msg.Header(stamp=builtin_interfaces.msg.Time(sec=1709002547, nanosec=444804125), frame_id='gps')",0.0,0.0,0.0,0.0,0.0,0.0,0,0,192
1711460714.4938407,"std_msgs.msg.Header(stamp=builtin_interfaces.msg.Time(sec=1709002547, nanosec=766359375), frame_id='gps')",0.0,0.0,0.0,0.0,0.0,0.0,0,0,193
1711460714.7946885,"std_msgs.msg.Header(stamp=builtin_interfaces.msg.Time(sec=1709002548, nanosec=92814250), frame_id='gps')",0.0,0.0,0.0,0.0,0.0,0.0,0,0,194
1711460715.0944202,"std_msgs.msg.Header(stamp=builtin_interfaces.msg.Time(sec=1709002548, nanosec=92814250), frame_id='gps')",0.0,0.0,0.0,0.0,0.0,0.0,0,0,194
1711460715.3951285,"std_msgs.msg.Header(stamp=builtin_interfaces.msg.Time(sec=1709002548, nanosec=416205500), frame_id='gps')",0.0,0.0,0.0,0.0,0.0,0.0,0,0,195
1711460715.6954951,"std_msgs.msg.Header(stamp=builtin_interfaces.msg.Time(sec=1709002548, nanosec=741202500), frame_id='gps')",0.0,0.0,0.0,0.0,0.0,0.0,0,0,196
1711460715.9950013,"std_msgs.msg.Header(stamp=builtin_interfaces.msg.Time(sec=1709002549, nanosec=70089125), frame_id='gps')",0.0,0.0,0.0,0.0,0.0,0.0,0,0,197
1711460716.295431,"std_msgs.msg.Header(stamp=builtin_interfaces.msg.Time(sec=1709002549, nanosec=395943000), frame_id='gps')",0.0,0.0,0.0,0.0,0.0,0.0,0,0,198
1711460716.5955198,"std_msgs.msg.Header(stamp=builtin_interfaces.msg.Time(sec=1709002549, nanosec=721356375), frame_id='gps')",0.0,0.0,0.0,0.0,0.0,0.0,0,0,199
1711460716.8957503,"std_msgs.msg.Header(stamp=builtin_interfaces.msg.Time(sec=1709002550, nanosec=45570750), frame_id='gps')",0.0,0.0,0.0,0.0,0.0,0.0,0,0,200
1711460717.1961246,"std_msgs.msg.Header(stamp=builtin_interfaces.msg.Time(sec=1709002550, nanosec=372219000), frame_id='gps')",0.0,0.0,0.0,0.0,0.0,0.0,0,0,201
1711460717.4961371,"std_msgs.msg.Header(stamp=builtin_interfaces.msg.Time(sec=1709002550, nanosec=694921250), frame_id='gps')",0.0,0.0,0.0,0.0,0.0,0.0,0,0,202
1711460717.79694,"std_msgs.msg.Header(stamp=builtin_interfaces.msg.Time(sec=1709002551, nanosec=89119250), frame_id='gps')",0.0,0.0,0.0,0.0,0.0,0.0,0,0,203
1711460718.097224,"std_msgs.msg.Header(stamp=builtin_interfaces.msg.Time(sec=1709002551, nanosec=89119250), frame_id='gps')",0.0,0.0,0.0,0.0,0.0,0.0,0,0,203
1711460718.397408,"std_msgs.msg.Header(stamp=builtin_interfaces.msg.Time(sec=1709002551, nanosec=424897750), frame_id='gps')",0.0,0.0,0.0,0.0,0.0,0.0,0,0,204
1711460718.6976466,"std_msgs.msg.Header(stamp=builtin_interfaces.msg.Time(sec=1709002551, nanosec=754437000), frame_id='gps')",0.0,0.0,0.0,0.0,0.0,0.0,0,0,205
1711460718.9978352,"std_msgs.msg.Header(stamp=builtin_interfaces.msg.Time(sec=1709002552, nanosec=81719500), frame_id='gps')",0.0,0.0,0.0,0.0,0.0,0.0,0,0,206
1711460719.2984622,"std_msgs.msg.Header(stamp=builtin_interfaces.msg.Time(sec=1709002552, nanosec=412736125), frame_id='gps')",0.0,0.0,0.0,0.0,0.0,0.0,0,0,207
1711460719.5993898,"std_msgs.msg.Header(stamp=builtin_interfaces.msg.Time(sec=1709002552, nanosec=736521375), frame_id='gps')",0.0,0.0,0.0,0.0,0.0,0.0,0,0,208
1711460719.8994796,"std_msgs.msg.Header(stamp=builtin_interfaces.msg.Time(sec=1709002553, nanosec=61750125), frame_id='gps')",0.0,0.0,0.0,0.0,0.0,0.0,0,0,209
1711460720.199576,"std_msgs.msg.Header(stamp=builtin_interfaces.msg.Time(sec=1709002553, nanosec=391839500), frame_id='gps')",0.0,0.0,0.0,0.0,0.0,0.0,0,0,210
1711460720.4998612,"std_msgs.msg.Header(stamp=builtin_interfaces.msg.Time(sec=1709002553, nanosec=726223250), frame_id='gps')",0.0,0.0,0.0,0.0,0.0,0.0,0,0,211
1711460720.8002844,"std_msgs.msg.Header(stamp=builtin_interfaces.msg.Time(sec=1709002554, nanosec=65239375), frame_id='gps')",0.0,0.0,0.0,0.0,0.0,0.0,0,0,212
1711460721.1003633,"std_msgs.msg.Header(stamp=builtin_interfaces.msg.Time(sec=1709002554, nanosec=394094625), frame_id='gps')",0.0,0.0,0.0,0.0,0.0,0.0,0,0,213
1711460721.4007852,"std_msgs.msg.Header(stamp=builtin_interfaces.msg.Time(sec=1709002554, nanosec=394094625), frame_id='gps')",0.0,0.0,0.0,0.0,0.0,0.0,0,0,213
1711460721.70138,"std_msgs.msg.Header(stamp=builtin_interfaces.msg.Time(sec=1709002554, nanosec=725558500), frame_id='gps')",0.0,0.0,0.0,0.0,0.0,0.0,0,0,214
1711460722.0010748,"std_msgs.msg.Header(stamp=builtin_interfaces.msg.Time(sec=1709002555, nanosec=51910250), frame_id='gps')",0.0,0.0,0.0,0.0,0.0,0.0,0,0,215
1711460722.3011973,"std_msgs.msg.Header(stamp=builtin_interfaces.msg.Time(sec=1709002555, nanosec=390693625), frame_id='gps')",0.0,0.0,0.0,0.0,0.0,0.0,0,0,216
1711460722.6015165,"std_msgs.msg.Header(stamp=builtin_interfaces.msg.Time(sec=1709002555, nanosec=732905875), frame_id='gps')",0.0,0.0,0.0,0.0,0.0,0.0,0,0,217
1711460722.9018228,"std_msgs.msg.Header(stamp=builtin_interfaces.msg.Time(sec=1709002556, nanosec=66266625), frame_id='gps')",0.0,0.0,0.0,0.0,0.0,0.0,0,0,218
1711460723.202394,"std_msgs.msg.Header(stamp=builtin_interfaces.msg.Time(sec=1709002556, nanosec=396784000), frame_id='gps')",0.0,0.0,0.0,0.0,0.0,0.0,0,0,219
1711460723.5027785,"std_msgs.msg.Header(stamp=builtin_interfaces.msg.Time(sec=1709002556, nanosec=739349500), frame_id='gps')",0.0,0.0,0.0,0.0,0.0,0.0,0,0,220
1711460723.8030663,"std_msgs.msg.Header(stamp=builtin_interfaces.msg.Time(sec=1709002557, nanosec=69242875), frame_id='gps')",0.0,0.0,0.0,0.0,0.0,0.0,0,0,221
1711460724.1029823,"std_msgs.msg.Header(stamp=builtin_interfaces.msg.Time(sec=1709002557, nanosec=399439125), frame_id='gps')",0.0,0.0,0.0,0.0,0.0,0.0,0,0,222
1711460724.4030843,"std_msgs.msg.Header(stamp=builtin_interfaces.msg.Time(sec=1709002557, nanosec=399439125), frame_id='gps')",0.0,0.0,0.0,0.0,0.0,0.0,0,0,222
1711460724.70346,"std_msgs.msg.Header(stamp=builtin_interfaces.msg.Time(sec=1709002557, nanosec=725308375), frame_id='gps')",0.0,0.0,0.0,0.0,0.0,0.0,0,0,223
1711460725.0035508,"std_msgs.msg.Header(stamp=builtin_interfaces.msg.Time(sec=1709002558, nanosec=57666000), frame_id='gps')",0.0,0.0,0.0,0.0,0.0,0.0,0,0,224
1711460725.304109,"std_msgs.msg.Header(stamp=builtin_interfaces.msg.Time(sec=1709002558, nanosec=386416750), frame_id='gps')",0.0,0.0,0.0,0.0,0.0,0.0,0,0,225
1711460725.6045218,"std_msgs.msg.Header(stamp=builtin_interfaces.msg.Time(sec=1709002558, nanosec=715143000), frame_id='gps')",0.0,0.0,0.0,0.0,0.0,0.0,0,0,226
1711460725.904507,"std_msgs.msg.Header(stamp=builtin_interfaces.msg.Time(sec=1709002559, nanosec=45210500), frame_id='gps')",0.0,0.0,0.0,0.0,0.0,0.0,0,0,227
1711460726.2050261,"std_msgs.msg.Header(stamp=builtin_interfaces.msg.Time(sec=1709002559, nanosec=372778750), frame_id='gps')",0.0,0.0,0.0,0.0,0.0,0.0,0,0,228
1711460726.5053334,"std_msgs.msg.Header(stamp=builtin_interfaces.msg.Time(sec=1709002559, nanosec=697870500), frame_id='gps')",0.0,0.0,0.0,0.0,0.0,0.0,0,0,229
1711460726.8053398,"std_msgs.msg.Header(stamp=builtin_interfaces.msg.Time(sec=1709002560, nanosec=34616875), frame_id='gps')",0.0,0.0,0.0,0.0,0.0,0.0,0,0,230
1711460727.105891,"std_msgs.msg.Header(stamp=builtin_interfaces.msg.Time(sec=1709002560, nanosec=368944000), frame_id='gps')",0.0,0.0,0.0,0.0,0.0,0.0,0,0,231
1711460727.407001,"std_msgs.msg.Header(stamp=builtin_interfaces.msg.Time(sec=1709002560, nanosec=691037375), frame_id='gps')",0.0,0.0,0.0,0.0,0.0,0.0,0,0,232
1711460727.707435,"std_msgs.msg.Header(stamp=builtin_interfaces.msg.Time(sec=1709002560, nanosec=691037375), frame_id='gps')",0.0,0.0,0.0,0.0,0.0,0.0,0,0,232
1711460728.007939,"std_msgs.msg.Header(stamp=builtin_interfaces.msg.Time(sec=1709002561, nanosec=20760375), frame_id='gps')",0.0,0.0,0.0,0.0,0.0,0.0,0,0,233
1711460728.3086267,"std_msgs.msg.Header(stamp=builtin_interfaces.msg.Time(sec=1709002561, nanosec=345633250), frame_id='gps')",0.0,0.0,0.0,0.0,0.0,0.0,0,0,234
1711460728.6080835,"std_msgs.msg.Header(stamp=builtin_interfaces.msg.Time(sec=1709002561, nanosec=676083500), frame_id='gps')",0.0,0.0,0.0,0.0,0.0,0.0,0,0,235
1711460728.9083252,"std_msgs.msg.Header(stamp=builtin_interfaces.msg.Time(sec=1709002562, nanosec=4176375), frame_id='gps')",0.0,0.0,0.0,0.0,0.0,0.0,0,0,236
1711460729.2090003,"std_msgs.msg.Header(stamp=builtin_interfaces.msg.Time(sec=1709002562, nanosec=334602625), frame_id='gps')",0.0,0.0,0.0,0.0,0.0,0.0,0,0,237
1711460729.5090947,"std_msgs.msg.Header(stamp=builtin_interfaces.msg.Time(sec=1709002562, nanosec=657288250), frame_id='gps')",0.0,0.0,0.0,0.0,0.0,0.0,0,0,238
1711460729.8091269,"std_msgs.msg.Header(stamp=builtin_interfaces.msg.Time(sec=1709002562, nanosec=982792875), frame_id='gps')",0.0,0.0,0.0,0.0,0.0,0.0,0,0,239
1711460730.1093156,"std_msgs.msg.Header(stamp=builtin_interfaces.msg.Time(sec=1709002563, nanosec=307344625), frame_id='gps')",0.0,0.0,0.0,0.0,0.0,0.0,0,0,240
1711460730.4097948,"std_msgs.msg.Header(stamp=builtin_interfaces.msg.Time(sec=1709002563, nanosec=631964375), frame_id='gps')",0.0,0.0,0.0,0.0,0.0,0.0,0,0,241
1711460730.7098293,"std_msgs.msg.Header(stamp=builtin_interfaces.msg.Time(sec=1709002563, nanosec=959765625), frame_id='gps')",0.0,0.0,0.0,0.0,0.0,0.0,0,0,242
1711460731.010303,"std_msgs.msg.Header(stamp=builtin_interfaces.msg.Time(sec=1709002564, nanosec=283433000), frame_id='gps')",0.0,0.0,0.0,0.0,0.0,0.0,0,0,243
1711460731.3107243,"std_msgs.msg.Header(stamp=builtin_interfaces.msg.Time(sec=1709002564, nanosec=283433000), frame_id='gps')",0.0,0.0,0.0,0.0,0.0,0.0,0,0,243
1711460731.6108031,"std_msgs.msg.Header(stamp=builtin_interfaces.msg.Time(sec=1709002564, nanosec=632509250), frame_id='gps')",0.0,0.0,0.0,0.0,0.0,0.0,0,0,244
1711460731.911481,"std_msgs.msg.Header(stamp=builtin_interfaces.msg.Time(sec=1709002564, nanosec=964858125), frame_id='gps')",0.0,0.0,0.0,0.0,0.0,0.0,0,0,245
1711460732.2119098,"std_msgs.msg.Header(stamp=builtin_interfaces.msg.Time(sec=1709002565, nanosec=298053875), frame_id='gps')",0.0,0.0,0.0,0.0,0.0,0.0,0,0,246
1711460732.5120368,"std_msgs.msg.Header(stamp=builtin_interfaces.msg.Time(sec=1709002565, nanosec=626925500), frame_id='gps')",0.0,0.0,0.0,0.0,0.0,0.0,0,0,247
1711460732.8130636,"std_msgs.msg.Header(stamp=builtin_interfaces.msg.Time(sec=1709002565, nanosec=951091000), frame_id='gps')",0.0,0.0,0.0,0.0,0.0,0.0,0,0,248
1711460733.1132631,"std_msgs.msg.Header(stamp=builtin_interfaces.msg.Time(sec=1709002566, nanosec=278670375), frame_id='gps')",0.0,0.0,0.0,0.0,0.0,0.0,0,0,249
1711460733.4136317,"std_msgs.msg.Header(stamp=builtin_interfaces.msg.Time(sec=1709002566, nanosec=606937250), frame_id='gps')",0.0,0.0,0.0,0.0,0.0,0.0,0,0,250
1711460733.713992,"std_msgs.msg.Header(stamp=builtin_interfaces.msg.Time(sec=1709002566, nanosec=938967250), frame_id='gps')",0.0,0.0,0.0,0.0,0.0,0.0,0,0,251
1711460734.0147352,"std_msgs.msg.Header(stamp=builtin_interfaces.msg.Time(sec=1709002567, nanosec=272388750), frame_id='gps')",0.0,0.0,0.0,0.0,0.0,0.0,0,0,252
1711460734.3151896,"std_msgs.msg.Header(stamp=builtin_interfaces.msg.Time(sec=1709002567, nanosec=594431375), frame_id='gps')",0.0,0.0,0.0,0.0,0.0,0.0,0,0,253
1711460734.6152062,"std_msgs.msg.Header(stamp=builtin_interfaces.msg.Time(sec=1709002567, nanosec=594431375), frame_id='gps')",0.0,0.0,0.0,0.0,0.0,0.0,0,0,253
1711460734.915615,"std_msgs.msg.Header(stamp=builtin_interfaces.msg.Time(sec=1709002567, nanosec=918377250), frame_id='gps')",0.0,0.0,0.0,0.0,0.0,0.0,0,0,254
1711460735.2158628,"std_msgs.msg.Header(stamp=builtin_interfaces.msg.Time(sec=1709002568, nanosec=239897250), frame_id='gps')",0.0,0.0,0.0,0.0,0.0,0.0,0,0,255
1711460735.5159338,"std_msgs.msg.Header(stamp=builtin_interfaces.msg.Time(sec=1709002568, nanosec=566116875), frame_id='gps')",0.0,0.0,0.0,0.0,0.0,0.0,0,0,0
1711460735.816254,"std_msgs.msg.Header(stamp=builtin_interfaces.msg.Time(sec=1709002568, nanosec=893056250), frame_id='gps')",0.0,0.0,0.0,0.0,0.0,0.0,0,0,1
1711460736.1163535,"std_msgs.msg.Header(stamp=builtin_interfaces.msg.Time(sec=1709002569, nanosec=222931500), frame_id='gps')",0.0,0.0,0.0,0.0,0.0,0.0,0,0,2
1711460736.4167914,"std_msgs.msg.Header(stamp=builtin_interfaces.msg.Time(sec=1709002569, nanosec=555078625), frame_id='gps')",0.0,0.0,0.0,0.0,0.0,0.0,0,0,3
1711460736.7170417,"std_msgs.msg.Header(stamp=builtin_interfaces.msg.Time(sec=1709002569, nanosec=887144875), frame_id='gps')",0.0,0.0,0.0,0.0,0.0,0.0,0,0,4
1711460737.0171068,"std_msgs.msg.Header(stamp=builtin_interfaces.msg.Time(sec=1709002570, nanosec=213689875), frame_id='gps')",0.0,0.0,0.0,0.0,0.0,0.0,0,0,5
1711460737.3174915,"std_msgs.msg.Header(stamp=builtin_interfaces.msg.Time(sec=1709002570, nanosec=570896500), frame_id='gps')",0.0,0.0,0.0,0.0,0.0,0.0,0,0,6
1711460737.6179197,"std_msgs.msg.Header(stamp=builtin_interfaces.msg.Time(sec=1709002570, nanosec=901928500), frame_id='gps')",0.0,0.0,0.0,0.0,0.0,0.0,0,0,7
1711460737.9184618,"std_msgs.msg.Header(stamp=builtin_interfaces.msg.Time(sec=1709002570, nanosec=901928500), frame_id='gps')",0.0,0.0,0.0,0.0,0.0,0.0,0,0,7
1711460738.2186294,"std_msgs.msg.Header(stamp=builtin_interfaces.msg.Time(sec=1709002571, nanosec=234344625), frame_id='gps')",0.0,0.0,0.0,0.0,0.0,0.0,0,0,8
1711460738.5188925,"std_msgs.msg.Header(stamp=builtin_interfaces.msg.Time(sec=1709002571, nanosec=578859000), frame_id='gps')",0.0,0.0,0.0,0.0,0.0,0.0,0,0,9
1711460738.8191772,"std_msgs.msg.Header(stamp=builtin_interfaces.msg.Time(sec=1709002571, nanosec=913614500), frame_id='gps')",0.0,0.0,0.0,0.0,0.0,0.0,0,0,10
1711460739.1192694,"std_msgs.msg.Header(stamp=builtin_interfaces.msg.Time(sec=1709002572, nanosec=237976250), frame_id='gps')",0.0,0.0,0.0,0.0,0.0,0.0,0,0,11
1711460739.4196477,"std_msgs.msg.Header(stamp=builtin_interfaces.msg.Time(sec=1709002572, nanosec=568600750), frame_id='gps')",0.0,0.0,0.0,0.0,0.0,0.0,0,0,12
1711460739.7196486,"std_msgs.msg.Header(stamp=builtin_interfaces.msg.Time(sec=1709002572, nanosec=902074125), frame_id='gps')",0.0,0.0,0.0,0.0,0.0,0.0,0,0,13
1711460740.0202677,"std_msgs.msg.Header(stamp=builtin_interfaces.msg.Time(sec=1709002573, nanosec=229606875), frame_id='gps')",0.0,0.0,0.0,0.0,0.0,0.0,0,0,14
1711460740.320734,"std_msgs.msg.Header(stamp=builtin_interfaces.msg.Time(sec=1709002573, nanosec=560957750), frame_id='gps')",0.0,0.0,0.0,0.0,0.0,0.0,0,0,15
1711460740.620936,"std_msgs.msg.Header(stamp=builtin_interfaces.msg.Time(sec=1709002573, nanosec=895092750), frame_id='gps')",0.0,0.0,0.0,0.0,0.0,0.0,0,0,16
1711460740.9209476,"std_msgs.msg.Header(stamp=builtin_interfaces.msg.Time(sec=1709002573, nanosec=895092750), frame_id='gps')",0.0,0.0,0.0,0.0,0.0,0.0,0,0,16
1711460741.2216403,"std_msgs.msg.Header(stamp=builtin_interfaces.msg.Time(sec=1709002574, nanosec=225089125), frame_id='gps')",0.0,0.0,0.0,0.0,0.0,0.0,0,0,17
1711460741.521807,"std_msgs.msg.Header(stamp=builtin_interfaces.msg.Time(sec=1709002574, nanosec=556395375), frame_id='gps')",0.0,0.0,0.0,0.0,0.0,0.0,0,0,18
1711460741.822043,"std_msgs.msg.Header(stamp=builtin_interfaces.msg.Time(sec=1709002574, nanosec=884984000), frame_id='gps')",0.0,0.0,0.0,0.0,0.0,0.0,0,0,19
1711460742.1223044,"std_msgs.msg.Header(stamp=builtin_interfaces.msg.Time(sec=1709002575, nanosec=215415500), frame_id='gps')",0.0,0.0,0.0,0.0,0.0,0.0,0,0,20
1711460742.4225464,"std_msgs.msg.Header(stamp=builtin_interfaces.msg.Time(sec=1709002575, nanosec=549671000), frame_id='gps')",0.0,0.0,0.0,0.0,0.0,0.0,0,0,21
1711460742.7227786,"std_msgs.msg.Header(stamp=builtin_interfaces.msg.Time(sec=1709002575, nanosec=879079125), frame_id='gps')",0.0,0.0,0.0,0.0,0.0,0.0,0,0,22
1711460743.022722,"std_msgs.msg.Header(stamp=builtin_interfaces.msg.Time(sec=1709002576, nanosec=211807125), frame_id='gps')",0.0,0.0,0.0,0.0,0.0,0.0,0,0,23
1711460743.3233104,"std_msgs.msg.Header(stamp=builtin_interfaces.msg.Time(sec=1709002576, nanosec=551943125), frame_id='gps')",0.0,0.0,0.0,0.0,0.0,0.0,0,0,24
1711460743.6231942,"std_msgs.msg.Header(stamp=builtin_interfaces.msg.Time(sec=1709002576, nanosec=897717250), frame_id='gps')",0.0,0.0,0.0,0.0,0.0,0.0,0,0,25
1711460743.9238164,"std_msgs.msg.Header(stamp=builtin_interfaces.msg.Time(sec=1709002576, nanosec=897717250), frame_id='gps')",0.0,0.0,0.0,0.0,0.0,0.0,0,0,25
1711460744.223997,"std_msgs.msg.Header(stamp=builtin_interfaces.msg.Time(sec=1709002577, nanosec=236966000), frame_id='gps')",0.0,0.0,0.0,0.0,0.0,0.0,0,0,26
1711460744.5240486,"std_msgs.msg.Header(stamp=builtin_interfaces.msg.Time(sec=1709002577, nanosec=567353375), frame_id='gps')",0.0,0.0,0.0,0.0,0.0,0.0,0,0,27
1711460744.8243666,"std_msgs.msg.Header(stamp=builtin_interfaces.msg.Time(sec=1709002577, nanosec=903847375), frame_id='gps')",0.0,0.0,0.0,0.0,0.0,0.0,0,0,28
1711460745.1249197,"std_msgs.msg.Header(stamp=builtin_interfaces.msg.Time(sec=1709002578, nanosec=240767125), frame_id='gps')",0.0,0.0,0.0,0.0,0.0,0.0,0,0,29
1711460745.4250586,"std_msgs.msg.Header(stamp=builtin_interfaces.msg.Time(sec=1709002578, nanosec=579246500), frame_id='gps')",0.0,0.0,0.0,0.0,0.0,0.0,0,0,30
1711460745.7255063,"std_msgs.msg.Header(stamp=builtin_interfaces.msg.Time(sec=1709002578, nanosec=921623250), frame_id='gps')",0.0,0.0,0.0,0.0,0.0,0.0,0,0,31
1711460746.0257936,"std_msgs.msg.Header(stamp=builtin_interfaces.msg.Time(sec=1709002579, nanosec=246807875), frame_id='gps')",0.0,0.0,0.0,0.0,0.0,0.0,0,0,32
1711460746.3257987,"std_msgs.msg.Header(stamp=builtin_interfaces.msg.Time(sec=1709002579, nanosec=572831500), frame_id='gps')",0.0,0.0,0.0,0.0,0.0,0.0,0,0,33
1711460746.6262608,"std_msgs.msg.Header(stamp=builtin_interfaces.msg.Time(sec=1709002579, nanosec=896179500), frame_id='gps')",0.0,0.0,0.0,0.0,0.0,0.0,0,0,34
1711460746.9264274,"std_msgs.msg.Header(stamp=builtin_interfaces.msg.Time(sec=1709002580, nanosec=219573375), frame_id='gps')",0.0,0.0,0.0,0.0,0.0,0.0,0,0,35
1711460747.2264118,"std_msgs.msg.Header(stamp=builtin_interfaces.msg.Time(sec=1709002580, nanosec=219573375), frame_id='gps')",0.0,0.0,0.0,0.0,0.0,0.0,0,0,35
1711460747.5270789,"std_msgs.msg.Header(stamp=builtin_interfaces.msg.Time(sec=1709002580, nanosec=543945625), frame_id='gps')",0.0,0.0,0.0,0.0,0.0,0.0,0,0,36
1711460747.8268254,"std_msgs.msg.Header(stamp=builtin_interfaces.msg.Time(sec=1709002580, nanosec=871019875), frame_id='gps')",0.0,0.0,0.0,0.0,0.0,0.0,0,0,37
1711460748.1287582,"std_msgs.msg.Header(stamp=builtin_interfaces.msg.Time(sec=1709002581, nanosec=218066875), frame_id='gps')",0.0,0.0,0.0,0.0,0.0,0.0,0,0,38
1711460748.4286845,"std_msgs.msg.Header(stamp=builtin_interfaces.msg.Time(sec=1709002581, nanosec=549906250), frame_id='gps')",0.0,0.0,0.0,0.0,0.0,0.0,0,0,39
1711460748.7290301,"std_msgs.msg.Header(stamp=builtin_interfaces.msg.Time(sec=1709002581, nanosec=881384125), frame_id='gps')",0.0,0.0,0.0,0.0,0.0,0.0,0,0,40
1711460749.029375,"std_msgs.msg.Header(stamp=builtin_interfaces.msg.Time(sec=1709002582, nanosec=203193750), frame_id='gps')",0.0,0.0,0.0,0.0,0.0,0.0,0,0,41
1711460749.3295028,"std_msgs.msg.Header(stamp=builtin_interfaces.msg.Time(sec=1709002582, nanosec=528428500), frame_id='gps')",0.0,0.0,0.0,0.0,0.0,0.0,0,0,42
1711460749.6300168,"std_msgs.msg.Header(stamp=builtin_interfaces.msg.Time(sec=1709002582, nanosec=854521125), frame_id='gps')",0.0,0.0,0.0,0.0,0.0,0.0,0,0,43
1711460749.9303777,"std_msgs.msg.Header(stamp=builtin_interfaces.msg.Time(sec=1709002583, nanosec=183670125), frame_id='gps')",0.0,0.0,0.0,0.0,0.0,0.0,0,0,44
1711460750.2305977,"std_msgs.msg.Header(stamp=builtin_interfaces.msg.Time(sec=1709002583, nanosec=508704125), frame_id='gps')",0.0,0.0,0.0,0.0,0.0,0.0,0,0,45
1711460750.5308018,"std_msgs.msg.Header(stamp=builtin_interfaces.msg.Time(sec=1709002583, nanosec=508704125), frame_id='gps')",0.0,0.0,0.0,0.0,0.0,0.0,0,0,45
1711460750.8309963,"std_msgs.msg.Header(stamp=builtin_interfaces.msg.Time(sec=1709002583, nanosec=834111750), frame_id='gps')",0.0,0.0,0.0,0.0,0.0,0.0,0,0,46
1711460751.1310272,"std_msgs.msg.Header(stamp=builtin_interfaces.msg.Time(sec=1709002584, nanosec=155453500), frame_id='gps')",0.0,0.0,0.0,0.0,0.0,0.0,0,0,47
1711460751.4318638,"std_msgs.msg.Header(stamp=builtin_interfaces.msg.Time(sec=1709002584, nanosec=482934750), frame_id='gps')",0.0,0.0,0.0,0.0,0.0,0.0,0,0,48
1711460751.7320213,"std_msgs.msg.Header(stamp=builtin_interfaces.msg.Time(sec=1709002584, nanosec=812664125), frame_id='gps')",0.0,0.0,0.0,0.0,0.0,0.0,0,0,49
1711460752.0323029,"std_msgs.msg.Header(stamp=builtin_interfaces.msg.Time(sec=1709002585, nanosec=143789625), frame_id='gps')",0.0,0.0,0.0,0.0,0.0,0.0,0,0,50
1711460752.3323326,"std_msgs.msg.Header(stamp=builtin_interfaces.msg.Time(sec=1709002585, nanosec=475878375), frame_id='gps')",0.0,0.0,0.0,0.0,0.0,0.0,0,0,51
1711460752.6326406,"std_msgs.msg.Header(stamp=builtin_interfaces.msg.Time(sec=1709002585, nanosec=813899500), frame_id='gps')",0.0,0.0,0.0,0.0,0.0,0.0,0,0,52
1711460752.9326417,"std_msgs.msg.Header(stamp=builtin_interfaces.msg.Time(sec=1709002586, nanosec=150009125), frame_id='gps')",0.0,0.0,0.0,0.0,0.0,0.0,0,0,53
1711460753.2336612,"std_msgs.msg.Header(stamp=builtin_interfaces.msg.Time(sec=1709002586, nanosec=484181125), frame_id='gps')",0.0,0.0,0.0,0.0,0.0,0.0,0,0,54
1711460753.533851,"std_msgs.msg.Header(stamp=builtin_interfaces.msg.Time(sec=1709002586, nanosec=810442875), frame_id='gps')",0.0,0.0,0.0,0.0,0.0,0.0,0,0,55
1711460753.8339975,"std_msgs.msg.Header(stamp=builtin_interfaces.msg.Time(sec=1709002586, nanosec=810442875), frame_id='gps')",0.0,0.0,0.0,0.0,0.0,0.0,0,0,55
1711460754.134417,"std_msgs.msg.Header(stamp=builtin_interfaces.msg.Time(sec=1709002587, nanosec=139566625), frame_id='gps')",0.0,0.0,0.0,0.0,0.0,0.0,0,0,56
1711460754.4349983,"std_msgs.msg.Header(stamp=builtin_interfaces.msg.Time(sec=1709002587, nanosec=464085875), frame_id='gps')",0.0,0.0,0.0,0.0,0.0,0.0,0,0,57
1711460754.7350094,"std_msgs.msg.Header(stamp=builtin_interfaces.msg.Time(sec=1709002587, nanosec=788575000), frame_id='gps')",0.0,0.0,0.0,0.0,0.0,0.0,0,0,58
1711460755.035126,"std_msgs.msg.Header(stamp=builtin_interfaces.msg.Time(sec=1709002588, nanosec=112938875), frame_id='gps')",0.0,0.0,0.0,0.0,0.0,0.0,0,0,59
1711460755.3353648,"std_msgs.msg.Header(stamp=builtin_interfaces.msg.Time(sec=1709002588, nanosec=445264250), frame_id='gps')",0.0,0.0,0.0,0.0,0.0,0.0,0,0,60
1711460755.6360953,"std_msgs.msg.Header(stamp=builtin_interfaces.msg.Time(sec=1709002588, nanosec=769915875), frame_id='gps')",0.0,0.0,0.0,0.0,0.0,0.0,0,0,61
1711460755.9361193,"std_msgs.msg.Header(stamp=builtin_interfaces.msg.Time(sec=1709002589, nanosec=98292250), frame_id='gps')",0.0,0.0,0.0,0.0,0.0,0.0,0,0,62
1711460756.2363362,"std_msgs.msg.Header(stamp=builtin_interfaces.msg.Time(sec=1709002589, nanosec=436978125), frame_id='gps')",0.0,0.0,0.0,0.0,0.0,0.0,0,0,63
1711460756.536152,"std_msgs.msg.Header(stamp=builtin_interfaces.msg.Time(sec=1709002589, nanosec=759478750), frame_id='gps')",0.0,0.0,0.0,0.0,0.0,0.0,0,0,64
1711460756.8367188,"std_msgs.msg.Header(stamp=builtin_interfaces.msg.Time(sec=1709002590, nanosec=91502125), frame_id='gps')",0.0,0.0,0.0,0.0,0.0,0.0,0,0,65
1711460757.1369793,"std_msgs.msg.Header(stamp=builtin_interfaces.msg.Time(sec=1709002590, nanosec=421802000), frame_id='gps')",0.0,0.0,0.0,0.0,0.0,0.0,0,0,66
1711460757.4370575,"std_msgs.msg.Header(stamp=builtin_interfaces.msg.Time(sec=1709002590, nanosec=421802000), frame_id='gps')",0.0,0.0,0.0,0.0,0.0,0.0,0,0,66
1711460757.7375734,"std_msgs.msg.Header(stamp=builtin_interfaces.msg.Time(sec=1709002590, nanosec=745723750), frame_id='gps')",0.0,0.0,0.0,0.0,0.0,0.0,0,0,67
1711460758.0378876,"std_msgs.msg.Header(stamp=builtin_interfaces.msg.Time(sec=1709002591, nanosec=68188625), frame_id='gps')",0.0,0.0,0.0,0.0,0.0,0.0,0,0,68
1711460758.337806,"std_msgs.msg.Header(stamp=builtin_interfaces.msg.Time(sec=1709002591, nanosec=396695500), frame_id='gps')",0.0,0.0,0.0,0.0,0.0,0.0,0,0,69
1711460758.6383114,"std_msgs.msg.Header(stamp=builtin_interfaces.msg.Time(sec=1709002591, nanosec=731185750), frame_id='gps')",0.0,0.0,0.0,0.0,0.0,0.0,0,0,70
1711460758.938243,"std_msgs.msg.Header(stamp=builtin_interfaces.msg.Time(sec=1709002592, nanosec=58234375), frame_id='gps')",0.0,0.0,0.0,0.0,0.0,0.0,0,0,71
1711460759.2386296,"std_msgs.msg.Header(stamp=builtin_interfaces.msg.Time(sec=1709002592, nanosec=392130250), frame_id='gps')",0.0,0.0,0.0,0.0,0.0,0.0,0,0,72
1711460759.53878,"std_msgs.msg.Header(stamp=builtin_interfaces.msg.Time(sec=1709002592, nanosec=724536625), frame_id='gps')",0.0,0.0,0.0,0.0,0.0,0.0,0,0,73
1711460759.8391182,"std_msgs.msg.Header(stamp=builtin_interfaces.msg.Time(sec=1709002593, nanosec=64422625), frame_id='gps')",0.0,0.0,0.0,0.0,0.0,0.0,0,0,74
1711460760.1394799,"std_msgs.msg.Header(stamp=builtin_interfaces.msg.Time(sec=1709002593, nanosec=394003125), frame_id='gps')",0.0,0.0,0.0,0.0,0.0,0.0,0,0,75
1711460760.4395597,"std_msgs.msg.Header(stamp=builtin_interfaces.msg.Time(sec=1709002593, nanosec=723497125), frame_id='gps')",0.0,0.0,0.0,0.0,0.0,0.0,0,0,76
1711460760.7401307,"std_msgs.msg.Header(stamp=builtin_interfaces.msg.Time(sec=1709002593, nanosec=723497125), frame_id='gps')",0.0,0.0,0.0,0.0,0.0,0.0,0,0,76
1711460761.0399394,"std_msgs.msg.Header(stamp=builtin_interfaces.msg.Time(sec=1709002594, nanosec=61431000), frame_id='gps')",0.0,0.0,0.0,0.0,0.0,0.0,0,0,77
1711460761.340575,"std_msgs.msg.Header(stamp=builtin_interfaces.msg.Time(sec=1709002594, nanosec=392687750), frame_id='gps')",0.0,0.0,0.0,0.0,0.0,0.0,0,0,78
1711460761.6406353,"std_msgs.msg.Header(stamp=builtin_interfaces.msg.Time(sec=1709002594, nanosec=722165125), frame_id='gps')",0.0,0.0,0.0,0.0,0.0,0.0,0,0,79
1711460761.9409683,"std_msgs.msg.Header(stamp=builtin_interfaces.msg.Time(sec=1709002595, nanosec=49441000), frame_id='gps')",0.0,0.0,0.0,0.0,0.0,0.0,0,0,80
1711460762.2412102,"std_msgs.msg.Header(stamp=builtin_interfaces.msg.Time(sec=1709002595, nanosec=379062625), frame_id='gps')",0.0,0.0,0.0,0.0,0.0,0.0,0,0,81
1711460762.5412524,"std_msgs.msg.Header(stamp=builtin_interfaces.msg.Time(sec=1709002595, nanosec=701356500), frame_id='gps')",0.0,0.0,0.0,0.0,0.0,0.0,0,0,82
1711460762.8416972,"std_msgs.msg.Header(stamp=builtin_interfaces.msg.Time(sec=1709002596, nanosec=26535000), frame_id='gps')",0.0,0.0,0.0,0.0,0.0,0.0,0,0,83
1711460763.141853,"std_msgs.msg.Header(stamp=builtin_interfaces.msg.Time(sec=1709002596, nanosec=370390250), frame_id='gps')",0.0,0.0,0.0,0.0,0.0,0.0,0,0,84
1711460763.4420853,"std_msgs.msg.Header(stamp=builtin_interfaces.msg.Time(sec=1709002596, nanosec=695211875), frame_id='gps')",0.0,0.0,0.0,0.0,0.0,0.0,0,0,85
1711460763.7425058,"std_msgs.msg.Header(stamp=builtin_interfaces.msg.Time(sec=1709002596, nanosec=695211875), frame_id='gps')",0.0,0.0,0.0,0.0,0.0,0.0,0,0,85
1711460764.0428813,"std_msgs.msg.Header(stamp=builtin_interfaces.msg.Time(sec=1709002597, nanosec=60397875), frame_id='gps')",0.0,0.0,0.0,0.0,0.0,0.0,0,0,86
1711460764.3428452,"std_msgs.msg.Header(stamp=builtin_interfaces.msg.Time(sec=1709002597, nanosec=385392875), frame_id='gps')",0.0,0.0,0.0,0.0,0.0,0.0,0,0,87
1711460764.6435611,"std_msgs.msg.Header(stamp=builtin_interfaces.msg.Time(sec=1709002597, nanosec=713015875), frame_id='gps')",0.0,0.0,0.0,0.0,0.0,0.0,0,0,88
1711460764.9439857,"std_msgs.msg.Header(stamp=builtin_interfaces.msg.Time(sec=1709002598, nanosec=36958625), frame_id='gps')",0.0,0.0,0.0,0.0,0.0,0.0,0,0,89
1711460765.243875,"std_msgs.msg.Header(stamp=builtin_interfaces.msg.Time(sec=1709002598, nanosec=365007625), frame_id='gps')",0.0,0.0,0.0,0.0,0.0,0.0,0,0,90
1711460765.543968,"std_msgs.msg.Header(stamp=builtin_interfaces.msg.Time(sec=1709002598, nanosec=696122375), frame_id='gps')",0.0,0.0,0.0,0.0,0.0,0.0,0,0,91
1711460765.8443766,"std_msgs.msg.Header(stamp=builtin_interfaces.msg.Time(sec=1709002599, nanosec=23516625), frame_id='gps')",0.0,0.0,0.0,0.0,0.0,0.0,0,0,92
1711460766.144629,"std_msgs.msg.Header(stamp=builtin_interfaces.msg.Time(sec=1709002599, nanosec=349158000), frame_id='gps')",0.0,0.0,0.0,0.0,0.0,0.0,0,0,93
1711460766.4456916,"std_msgs.msg.Header(stamp=builtin_interfaces.msg.Time(sec=1709002599, nanosec=689719250), frame_id='gps')",0.0,0.0,0.0,0.0,0.0,0.0,0,0,94
1711460766.7454262,"std_msgs.msg.Header(stamp=builtin_interfaces.msg.Time(sec=1709002600, nanosec=10200125), frame_id='gps')",0.0,0.0,0.0,0.0,0.0,0.0,0,0,95
1711460767.0457091,"std_msgs.msg.Header(stamp=builtin_interfaces.msg.Time(sec=1709002600, nanosec=334051625), frame_id='gps')",0.0,0.0,0.0,0.0,0.0,0.0,0,0,96
1711460767.3466156,"std_msgs.msg.Header(stamp=builtin_interfaces.msg.Time(sec=1709002600, nanosec=334051625), frame_id='gps')",0.0,0.0,0.0,0.0,0.0,0.0,0,0,96
1711460767.6466942,"std_msgs.msg.Header(stamp=builtin_interfaces.msg.Time(sec=1709002600, nanosec=660180875), frame_id='gps')",0.0,0.0,0.0,0.0,0.0,0.0,0,0,97
1711460767.9470162,"std_msgs.msg.Header(stamp=builtin_interfaces.msg.Time(sec=1709002600, nanosec=984161500), frame_id='gps')",0.0,0.0,0.0,0.0,0.0,0.0,0,0,98
1711460768.2472346,"std_msgs.msg.Header(stamp=builtin_interfaces.msg.Time(sec=1709002601, nanosec=306494125), frame_id='gps')",0.0,0.0,0.0,0.0,0.0,0.0,0,0,99
1711460768.5476582,"std_msgs.msg.Header(stamp=builtin_interfaces.msg.Time(sec=1709002601, nanosec=630622250), frame_id='gps')",0.0,0.0,0.0,0.0,0.0,0.0,0,0,100
1711460768.8477046,"std_msgs.msg.Header(stamp=builtin_interfaces.msg.Time(sec=1709002601, nanosec=967016250), frame_id='gps')",0.0,0.0,0.0,0.0,0.0,0.0,0,0,101
1711460769.1478956,"std_msgs.msg.Header(stamp=builtin_interfaces.msg.Time(sec=1709002602, nanosec=291975625), frame_id='gps')",0.0,0.0,0.0,0.0,0.0,0.0,0,0,102
1711460769.448342,"std_msgs.msg.Header(stamp=builtin_interfaces.msg.Time(sec=1709002602, nanosec=617364000), frame_id='gps')",0.0,0.0,0.0,0.0,0.0,0.0,0,0,103
1711460769.7486994,"std_msgs.msg.Header(stamp=builtin_interfaces.msg.Time(sec=1709002602, nanosec=944468500), frame_id='gps')",0.0,0.0,0.0,0.0,0.0,0.0,0,0,104
1711460770.048742,"std_msgs.msg.Header(stamp=builtin_interfaces.msg.Time(sec=1709002603, nanosec=271611125), frame_id='gps')",0.0,0.0,0.0,0.0,0.0,0.0,0,0,105
1711460770.349444,"std_msgs.msg.Header(stamp=builtin_interfaces.msg.Time(sec=1709002603, nanosec=593112750), frame_id='gps')",0.0,0.0,0.0,0.0,0.0,0.0,0,0,106
1711460770.649511,"std_msgs.msg.Header(stamp=builtin_interfaces.msg.Time(sec=1709002603, nanosec=923878500), frame_id='gps')",0.0,0.0,0.0,0.0,0.0,0.0,0,0,107
1711460770.9499228,"std_msgs.msg.Header(stamp=builtin_interfaces.msg.Time(sec=1709002603, nanosec=923878500), frame_id='gps')",0.0,0.0,0.0,0.0,0.0,0.0,0,0,107
1711460771.249798,"std_msgs.msg.Header(stamp=builtin_interfaces.msg.Time(sec=1709002604, nanosec=253823625), frame_id='gps')",0.0,0.0,0.0,0.0,0.0,0.0,0,0,108
1711460771.550063,"std_msgs.msg.Header(stamp=builtin_interfaces.msg.Time(sec=1709002604, nanosec=577615000), frame_id='gps')",0.0,0.0,0.0,0.0,0.0,0.0,0,0,109
1711460771.85042,"std_msgs.msg.Header(stamp=builtin_interfaces.msg.Time(sec=1709002604, nanosec=907969500), frame_id='gps')",0.0,0.0,0.0,0.0,0.0,0.0,0,0,110
1711460772.1510088,"std_msgs.msg.Header(stamp=builtin_interfaces.msg.Time(sec=1709002605, nanosec=240802750), frame_id='gps')",0.0,0.0,0.0,0.0,0.0,0.0,0,0,111
1711460772.4508417,"std_msgs.msg.Header(stamp=builtin_interfaces.msg.Time(sec=1709002605, nanosec=566017000), frame_id='gps')",0.0,0.0,0.0,0.0,0.0,0.0,0,0,112
1711460772.751548,"std_msgs.msg.Header(stamp=builtin_interfaces.msg.Time(sec=1709002605, nanosec=895109500), frame_id='gps')",0.0,0.0,0.0,0.0,0.0,0.0,0,0,113
1711460773.0515513,"std_msgs.msg.Header(stamp=builtin_interfaces.msg.Time(sec=1709002606, nanosec=224932375), frame_id='gps')",0.0,0.0,0.0,0.0,0.0,0.0,0,0,114
1711460773.3520198,"std_msgs.msg.Header(stamp=builtin_interfaces.msg.Time(sec=1709002606, nanosec=552373250), frame_id='gps')",0.0,0.0,0.0,0.0,0.0,0.0,0,0,115
1711460773.6522434,"std_msgs.msg.Header(stamp=builtin_interfaces.msg.Time(sec=1709002606, nanosec=877633625), frame_id='gps')",0.0,0.0,0.0,0.0,0.0,0.0,0,0,116
1711460773.952716,"std_msgs.msg.Header(stamp=builtin_interfaces.msg.Time(sec=1709002607, nanosec=208805875), frame_id='gps')",0.0,0.0,0.0,0.0,0.0,0.0,0,0,117
1711460774.253012,"std_msgs.msg.Header(stamp=builtin_interfaces.msg.Time(sec=1709002607, nanosec=535424750), frame_id='gps')",0.0,0.0,0.0,0.0,0.0,0.0,0,0,118
1711460774.5529544,"std_msgs.msg.Header(stamp=builtin_interfaces.msg.Time(sec=1709002607, nanosec=535424750), frame_id='gps')",0.0,0.0,0.0,0.0,0.0,0.0,0,0,118
1711460774.853176,"std_msgs.msg.Header(stamp=builtin_interfaces.msg.Time(sec=1709002607, nanosec=870782750), frame_id='gps')",0.0,0.0,0.0,0.0,0.0,0.0,0,0,119
1711460775.1536129,"std_msgs.msg.Header(stamp=builtin_interfaces.msg.Time(sec=1709002608, nanosec=195945625), frame_id='gps')",0.0,0.0,0.0,0.0,0.0,0.0,0,0,120
1711460775.4538746,"std_msgs.msg.Header(stamp=builtin_interfaces.msg.Time(sec=1709002608, nanosec=520468250), frame_id='gps')",0.0,0.0,0.0,0.0,0.0,0.0,0,0,121
1711460775.754299,"std_msgs.msg.Header(stamp=builtin_interfaces.msg.Time(sec=1709002608, nanosec=848914375), frame_id='gps')",0.0,0.0,0.0,0.0,0.0,0.0,0,0,122
1711460776.0544684,"std_msgs.msg.Header(stamp=builtin_interfaces.msg.Time(sec=1709002609, nanosec=181511000), frame_id='gps')",0.0,0.0,0.0,0.0,0.0,0.0,0,0,123
1711460776.3550453,"std_msgs.msg.Header(stamp=builtin_interfaces.msg.Time(sec=1709002609, nanosec=510866500), frame_id='gps')",0.0,0.0,0.0,0.0,0.0,0.0,0,0,124
1711460776.6550899,"std_msgs.msg.Header(stamp=builtin_interfaces.msg.Time(sec=1709002609, nanosec=838636500), frame_id='gps')",0.0,0.0,0.0,0.0,0.0,0.0,0,0,125
1711460776.9557235,"std_msgs.msg.Header(stamp=builtin_interfaces.msg.Time(sec=1709002610, nanosec=164134500), frame_id='gps')",0.0,0.0,0.0,0.0,0.0,0.0,0,0,126
1711460777.2560825,"std_msgs.msg.Header(stamp=builtin_interfaces.msg.Time(sec=1709002610, nanosec=491950375), frame_id='gps')",0.0,0.0,0.0,0.0,0.0,0.0,0,0,127
1711460777.5567682,"std_msgs.msg.Header(stamp=builtin_interfaces.msg.Time(sec=1709002610, nanosec=821153500), frame_id='gps')",0.0,0.0,0.0,0.0,0.0,0.0,0,0,128
1711460777.8570917,"std_msgs.msg.Header(stamp=builtin_interfaces.msg.Time(sec=1709002611, nanosec=150823500), frame_id='gps')",0.0,0.0,0.0,0.0,0.0,0.0,0,0,129
1711460778.1574845,"std_msgs.msg.Header(stamp=builtin_interfaces.msg.Time(sec=1709002611, nanosec=150823500), frame_id='gps')",0.0,0.0,0.0,0.0,0.0,0.0,0,0,129
1711460778.457382,"std_msgs.msg.Header(stamp=builtin_interfaces.msg.Time(sec=1709002611, nanosec=476088500), frame_id='gps')",0.0,0.0,0.0,0.0,0.0,0.0,0,0,130
1711460778.7580082,"std_msgs.msg.Header(stamp=builtin_interfaces.msg.Time(sec=1709002611, nanosec=805026000), frame_id='gps')",0.0,0.0,0.0,0.0,0.0,0.0,0,0,131
1711460779.057813,"std_msgs.msg.Header(stamp=builtin_interfaces.msg.Time(sec=1709002612, nanosec=137084250), frame_id='gps')",0.0,0.0,0.0,0.0,0.0,0.0,0,0,132
1711460779.3582633,"std_msgs.msg.Header(stamp=builtin_interfaces.msg.Time(sec=1709002612, nanosec=460291375), frame_id='gps')",0.0,0.0,0.0,0.0,0.0,0.0,0,0,133
1711460779.6584601,"std_msgs.msg.Header(stamp=builtin_interfaces.msg.Time(sec=1709002612, nanosec=786391000), frame_id='gps')",0.0,0.0,0.0,0.0,0.0,0.0,0,0,134
1711460779.9585385,"std_msgs.msg.Header(stamp=builtin_interfaces.msg.Time(sec=1709002613, nanosec=110381875), frame_id='gps')",0.0,0.0,0.0,0.0,0.0,0.0,0,0,135
1711460780.2587957,"std_msgs.msg.Header(stamp=builtin_interfaces.msg.Time(sec=1709002613, nanosec=431705875), frame_id='gps')",0.0,0.0,0.0,0.0,0.0,0.0,0,0,136
1711460780.559528,"std_msgs.msg.Header(stamp=builtin_interfaces.msg.Time(sec=1709002613, nanosec=764564375), frame_id='gps')",0.0,0.0,0.0,0.0,0.0,0.0,0,0,137
1711460780.8598897,"std_msgs.msg.Header(stamp=builtin_interfaces.msg.Time(sec=1709002614, nanosec=86369625), frame_id='gps')",0.0,0.0,0.0,0.0,0.0,0.0,0,0,138
1711460781.1600387,"std_msgs.msg.Header(stamp=builtin_interfaces.msg.Time(sec=1709002614, nanosec=416359625), frame_id='gps')",0.0,0.0,0.0,0.0,0.0,0.0,0,0,139
1711460781.4604065,"std_msgs.msg.Header(stamp=builtin_interfaces.msg.Time(sec=1709002614, nanosec=744153750), frame_id='gps')",0.0,0.0,0.0,0.0,0.0,0.0,0,0,140
1711460781.7606866,"std_msgs.msg.Header(stamp=builtin_interfaces.msg.Time(sec=1709002614, nanosec=744153750), frame_id='gps')",0.0,0.0,0.0,0.0,0.0,0.0,0,0,140
1711460782.061012,"std_msgs.msg.Header(stamp=builtin_interfaces.msg.Time(sec=1709002615, nanosec=70553750), frame_id='gps')",0.0,0.0,0.0,0.0,0.0,0.0,0,0,141
1711460782.3611903,"std_msgs.msg.Header(stamp=builtin_interfaces.msg.Time(sec=1709002615, nanosec=395264125), frame_id='gps')",0.0,0.0,0.0,0.0,0.0,0.0,0,0,142
1711460782.6618028,"std_msgs.msg.Header(stamp=builtin_interfaces.msg.Time(sec=1709002615, nanosec=725071875), frame_id='gps')",0.0,0.0,0.0,0.0,0.0,0.0,0,0,143
1711460782.9621649,"std_msgs.msg.Header(stamp=builtin_interfaces.msg.Time(sec=1709002616, nanosec=55625250), frame_id='gps')",0.0,0.0,0.0,0.0,0.0,0.0,0,0,144
1711460783.262125,"std_msgs.msg.Header(stamp=builtin_interfaces.msg.Time(sec=1709002616, nanosec=385982750), frame_id='gps')",0.0,0.0,0.0,0.0,0.0,0.0,0,0,145
1711460783.562384,"std_msgs.msg.Header(stamp=builtin_interfaces.msg.Time(sec=1709002616, nanosec=737958000), frame_id='gps')",0.0,0.0,0.0,0.0,0.0,0.0,0,0,146
1711460783.8624825,"std_msgs.msg.Header(stamp=builtin_interfaces.msg.Time(sec=1709002617, nanosec=60526250), frame_id='gps')",0.0,0.0,0.0,0.0,0.0,0.0,0,0,147
1711460784.163022,"std_msgs.msg.Header(stamp=builtin_interfaces.msg.Time(sec=1709002617, nanosec=386415625), frame_id='gps')",0.0,0.0,0.0,0.0,0.0,0.0,0,0,148
1711460784.463402,"std_msgs.msg.Header(stamp=builtin_interfaces.msg.Time(sec=1709002617, nanosec=711223750), frame_id='gps')",0.0,0.0,0.0,0.0,0.0,0.0,0,0,149
1711460784.764136,"std_msgs.msg.Header(stamp=builtin_interfaces.msg.Time(sec=1709002618, nanosec=40880500), frame_id='gps')",0.0,0.0,0.0,0.0,0.0,0.0,0,0,150
1711460785.0642502,"std_msgs.msg.Header(stamp=builtin_interfaces.msg.Time(sec=1709002618, nanosec=40880500), frame_id='gps')",0.0,0.0,0.0,0.0,0.0,0.0,0,0,150
1711460785.3642318,"std_msgs.msg.Header(stamp=builtin_interfaces.msg.Time(sec=1709002618, nanosec=368205625), frame_id='gps')",0.0,0.0,0.0,0.0,0.0,0.0,0,0,151
1711460785.6648293,"std_msgs.msg.Header(stamp=builtin_interfaces.msg.Time(sec=1709002618, nanosec=708287625), frame_id='gps')",0.0,0.0,0.0,0.0,0.0,0.0,0,0,152
1711460785.964808,"std_msgs.msg.Header(stamp=builtin_interfaces.msg.Time(sec=1709002619, nanosec=41086750), frame_id='gps')",0.0,0.0,0.0,0.0,0.0,0.0,0,0,153
1711460786.265108,"std_msgs.msg.Header(stamp=builtin_interfaces.msg.Time(sec=1709002619, nanosec=371248625), frame_id='gps')",0.0,0.0,0.0,0.0,0.0,0.0,0,0,154
1711460786.565435,"std_msgs.msg.Header(stamp=builtin_interfaces.msg.Time(sec=1709002619, nanosec=708776875), frame_id='gps')",0.0,0.0,0.0,0.0,0.0,0.0,0,0,155
1711460786.865702,"std_msgs.msg.Header(stamp=builtin_interfaces.msg.Time(sec=1709002620, nanosec=32462500), frame_id='gps')",0.0,0.0,0.0,0.0,0.0,0.0,0,0,156
1711460787.1660764,"std_msgs.msg.Header(stamp=builtin_interfaces.msg.Time(sec=1709002620, nanosec=360035500), frame_id='gps')",0.0,0.0,0.0,0.0,0.0,0.0,0,0,157
1711460787.4664102,"std_msgs.msg.Header(stamp=builtin_interfaces.msg.Time(sec=1709002620, nanosec=682431750), frame_id='gps')",0.0,0.0,0.0,0.0,0.0,0.0,0,0,158
1711460787.766475,"std_msgs.msg.Header(stamp=builtin_interfaces.msg.Time(sec=1709002621, nanosec=7351875), frame_id='gps')",0.0,0.0,0.0,0.0,0.0,0.0,0,0,159
1711460788.0667124,"std_msgs.msg.Header(stamp=builtin_interfaces.msg.Time(sec=1709002621, nanosec=333817750), frame_id='gps')",0.0,0.0,0.0,0.0,0.0,0.0,0,0,160
1711460788.367039,"std_msgs.msg.Header(stamp=builtin_interfaces.msg.Time(sec=1709002621, nanosec=656931000), frame_id='gps')",0.0,0.0,0.0,0.0,0.0,0.0,0,0,161
1711460788.6672256,"std_msgs.msg.Header(stamp=builtin_interfaces.msg.Time(sec=1709002621, nanosec=656931000), frame_id='gps')",0.0,0.0,0.0,0.0,0.0,0.0,0,0,161
1711460788.9674878,"std_msgs.msg.Header(stamp=builtin_interfaces.msg.Time(sec=1709002621, nanosec=986683875), frame_id='gps')",0.0,0.0,0.0,0.0,0.0,0.0,0,0,162
1711460789.267719,"std_msgs.msg.Header(stamp=builtin_interfaces.msg.Time(sec=1709002622, nanosec=315041125), frame_id='gps')",0.0,0.0,0.0,0.0,0.0,0.0,0,0,163
1711460789.568023,"std_msgs.msg.Header(stamp=builtin_interfaces.msg.Time(sec=1709002622, nanosec=640652125), frame_id='gps')",0.0,0.0,0.0,0.0,0.0,0.0,0,0,164
1711460789.8681479,"std_msgs.msg.Header(stamp=builtin_interfaces.msg.Time(sec=1709002622, nanosec=966066625), frame_id='gps')",0.0,0.0,0.0,0.0,0.0,0.0,0,0,165
1711460790.1685357,"std_msgs.msg.Header(stamp=builtin_interfaces.msg.Time(sec=1709002623, nanosec=293015500), frame_id='gps')",0.0,0.0,0.0,0.0,0.0,0.0,0,0,166
1711460790.4691503,"std_msgs.msg.Header(stamp=builtin_interfaces.msg.Time(sec=1709002623, nanosec=619982000), frame_id='gps')",0.0,0.0,0.0,0.0,0.0,0.0,0,0,167
1711460790.7695568,"std_msgs.msg.Header(stamp=builtin_interfaces.msg.Time(sec=1709002623, nanosec=946551625), frame_id='gps')",0.0,0.0,0.0,0.0,0.0,0.0,0,0,168
1711460791.0697913,"std_msgs.msg.Header(stamp=builtin_interfaces.msg.Time(sec=1709002624, nanosec=273220125), frame_id='gps')",0.0,0.0,0.0,0.0,0.0,0.0,0,0,169
1711460791.3699827,"std_msgs.msg.Header(stamp=builtin_interfaces.msg.Time(sec=1709002624, nanosec=598711625), frame_id='gps')",0.0,0.0,0.0,0.0,0.0,0.0,0,0,170
1711460791.670093,"std_msgs.msg.Header(stamp=builtin_interfaces.msg.Time(sec=1709002624, nanosec=919457000), frame_id='gps')",0.0,0.0,0.0,0.0,0.0,0.0,0,0,171
1711460791.9701068,"std_msgs.msg.Header(stamp=builtin_interfaces.msg.Time(sec=1709002625, nanosec=242057000), frame_id='gps')",0.0,0.0,0.0,0.0,0.0,0.0,0,0,172
1711460792.270545,"std_msgs.msg.Header(stamp=builtin_interfaces.msg.Time(sec=1709002625, nanosec=569681875), frame_id='gps')",0.0,0.0,0.0,0.0,0.0,0.0,0,0,173
1711460792.570966,"std_msgs.msg.Header(stamp=builtin_interfaces.msg.Time(sec=1709002625, nanosec=569681875), frame_id='gps')",0.0,0.0,0.0,0.0,0.0,0.0,0,0,173
1711460792.8715663,"std_msgs.msg.Header(stamp=builtin_interfaces.msg.Time(sec=1709002625, nanosec=907033375), frame_id='gps')",0.0,0.0,0.0,0.0,0.0,0.0,0,0,174
1711460793.1718013,"std_msgs.msg.Header(stamp=builtin_interfaces.msg.Time(sec=1709002626, nanosec=235325375), frame_id='gps')",0.0,0.0,0.0,0.0,0.0,0.0,0,0,175
1711460793.472037,"std_msgs.msg.Header(stamp=builtin_interfaces.msg.Time(sec=1709002626, nanosec=569337125), frame_id='gps')",0.0,0.0,0.0,0.0,0.0,0.0,0,0,176
1711460793.7722785,"std_msgs.msg.Header(stamp=builtin_interfaces.msg.Time(sec=1709002626, nanosec=896010750), frame_id='gps')",0.0,0.0,0.0,0.0,0.0,0.0,0,0,177
1711460794.072805,"std_msgs.msg.Header(stamp=builtin_interfaces.msg.Time(sec=1709002627, nanosec=222174250), frame_id='gps')",0.0,0.0,0.0,0.0,0.0,0.0,0,0,178
1711460794.3729212,"std_msgs.msg.Header(stamp=builtin_interfaces.msg.Time(sec=1709002627, nanosec=554945500), frame_id='gps')",0.0,0.0,0.0,0.0,0.0,0.0,0,0,179
1711460794.6731098,"std_msgs.msg.Header(stamp=builtin_interfaces.msg.Time(sec=1709002627, nanosec=886597375), frame_id='gps')",0.0,0.0,0.0,0.0,0.0,0.0,0,0,180
1711460794.973343,"std_msgs.msg.Header(stamp=builtin_interfaces.msg.Time(sec=1709002628, nanosec=230215625), frame_id='gps')",0.0,0.0,0.0,0.0,0.0,0.0,0,0,181
1711460795.273584,"std_msgs.msg.Header(stamp=builtin_interfaces.msg.Time(sec=1709002628, nanosec=566639875), frame_id='gps')",0.0,0.0,0.0,0.0,0.0,0.0,0,0,182
1711460795.5742924,"std_msgs.msg.Header(stamp=builtin_interfaces.msg.Time(sec=1709002628, nanosec=566639875), frame_id='gps')",0.0,0.0,0.0,0.0,0.0,0.0,0,0,182
1711460795.8742456,"std_msgs.msg.Header(stamp=builtin_interfaces.msg.Time(sec=1709002628, nanosec=890235750), frame_id='gps')",0.0,0.0,0.0,0.0,0.0,0.0,0,0,183
1711460796.1745784,"std_msgs.msg.Header(stamp=builtin_interfaces.msg.Time(sec=1709002629, nanosec=222535625), frame_id='gps')",0.0,0.0,0.0,0.0,0.0,0.0,0,0,184
1711460796.474712,"std_msgs.msg.Header(stamp=builtin_interfaces.msg.Time(sec=1709002629, nanosec=546266000), frame_id='gps')",0.0,0.0,0.0,0.0,0.0,0.0,0,0,185
1711460796.775294,"std_msgs.msg.Header(stamp=builtin_interfaces.msg.Time(sec=1709002629, nanosec=874023250), frame_id='gps')",0.0,0.0,0.0,0.0,0.0,0.0,0,0,186
1711460797.0755305,"std_msgs.msg.Header(stamp=builtin_interfaces.msg.Time(sec=1709002630, nanosec=198834375), frame_id='gps')",0.0,0.0,0.0,0.0,0.0,0.0,0,0,187
1711460797.3763504,"std_msgs.msg.Header(stamp=builtin_interfaces.msg.Time(sec=1709002630, nanosec=526339750), frame_id='gps')",0.0,0.0,0.0,0.0,0.0,0.0,0,0,188
1711460797.6765642,"std_msgs.msg.Header(stamp=builtin_interfaces.msg.Time(sec=1709002630, nanosec=853220125), frame_id='gps')",0.0,0.0,0.0,0.0,0.0,0.0,0,0,189
1711460797.976608,"std_msgs.msg.Header(stamp=builtin_interfaces.msg.Time(sec=1709002631, nanosec=184680625), frame_id='gps')",0.0,0.0,0.0,0.0,0.0,0.0,0,0,190
1711460798.2771313,"std_msgs.msg.Header(stamp=builtin_interfaces.msg.Time(sec=1709002631, nanosec=515071125), frame_id='gps')",0.0,0.0,0.0,0.0,0.0,0.0,0,0,191
1711460798.5772376,"std_msgs.msg.Header(stamp=builtin_interfaces.msg.Time(sec=1709002631, nanosec=842233625), frame_id='gps')",0.0,0.0,0.0,0.0,0.0,0.0,0,0,192
1711460798.877569,"std_msgs.msg.Header(stamp=builtin_interfaces.msg.Time(sec=1709002632, nanosec=173921125), frame_id='gps')",0.0,0.0,0.0,0.0,0.0,0.0,0,0,193
1711460799.1778162,"std_msgs.msg.Header(stamp=builtin_interfaces.msg.Time(sec=1709002632, nanosec=173921125), frame_id='gps')",0.0,0.0,0.0,0.0,0.0,0.0,0,0,193
1711460799.4780152,"std_msgs.msg.Header(stamp=builtin_interfaces.msg.Time(sec=1709002632, nanosec=506133000), frame_id='gps')",0.0,0.0,0.0,0.0,0.0,0.0,0,0,194
1711460799.7779822,"std_msgs.msg.Header(stamp=builtin_interfaces.msg.Time(sec=1709002632, nanosec=829735750), frame_id='gps')",0.0,0.0,0.0,0.0,0.0,0.0,0,0,195
1711460800.0783036,"std_msgs.msg.Header(stamp=builtin_interfaces.msg.Time(sec=1709002633, nanosec=153780875), frame_id='gps')",0.0,0.0,0.0,0.0,0.0,0.0,0,0,196
1711460800.3782754,"std_msgs.msg.Header(stamp=builtin_interfaces.msg.Time(sec=1709002633, nanosec=478041375), frame_id='gps')",0.0,0.0,0.0,0.0,0.0,0.0,0,0,197
1711460800.6790755,"std_msgs.msg.Header(stamp=builtin_interfaces.msg.Time(sec=1709002633, nanosec=808551250), frame_id='gps')",0.0,0.0,0.0,0.0,0.0,0.0,0,0,198
1711460800.9793873,"std_msgs.msg.Header(stamp=builtin_interfaces.msg.Time(sec=1709002634, nanosec=136725500), frame_id='gps')",0.0,0.0,0.0,0.0,0.0,0.0,0,0,199
1711460801.2795615,"std_msgs.msg.Header(stamp=builtin_interfaces.msg.Time(sec=1709002634, nanosec=466054250), frame_id='gps')",0.0,0.0,0.0,0.0,0.0,0.0,0,0,200
1711460801.5798137,"std_msgs.msg.Header(stamp=builtin_interfaces.msg.Time(sec=1709002634, nanosec=797528375), frame_id='gps')",0.0,0.0,0.0,0.0,0.0,0.0,0,0,201
1711460801.8800192,"std_msgs.msg.Header(stamp=builtin_interfaces.msg.Time(sec=1709002635, nanosec=117461375), frame_id='gps')",0.0,0.0,0.0,0.0,0.0,0.0,0,0,202
1711460802.1805654,"std_msgs.msg.Header(stamp=builtin_interfaces.msg.Time(sec=1709002635, nanosec=443057000), frame_id='gps')",0.0,0.0,0.0,0.0,0.0,0.0,0,0,203
1711460802.4809592,"std_msgs.msg.Header(stamp=builtin_interfaces.msg.Time(sec=1709002635, nanosec=443057000), frame_id='gps')",0.0,0.0,0.0,0.0,0.0,0.0,0,0,203
1711460802.7812479,"std_msgs.msg.Header(stamp=builtin_interfaces.msg.Time(sec=1709002635, nanosec=793502250), frame_id='gps')",0.0,0.0,0.0,0.0,0.0,0.0,0,0,204
1711460803.0818381,"std_msgs.msg.Header(stamp=builtin_interfaces.msg.Time(sec=1709002636, nanosec=115238000), frame_id='gps')",0.0,0.0,0.0,0.0,0.0,0.0,0,0,205
1711460803.3822844,"std_msgs.msg.Header(stamp=builtin_interfaces.msg.Time(sec=1709002636, nanosec=444049875), frame_id='gps')",0.0,0.0,0.0,0.0,0.0,0.0,0,0,206
1711460803.682467,"std_msgs.msg.Header(stamp=builtin_interfaces.msg.Time(sec=1709002636, nanosec=769576000), frame_id='gps')",0.0,0.0,0.0,0.0,0.0,0.0,0,0,207
1711460803.982956,"std_msgs.msg.Header(stamp=builtin_interfaces.msg.Time(sec=1709002637, nanosec=93545375), frame_id='gps')",0.0,0.0,0.0,0.0,0.0,0.0,0,0,208
1711460804.2831123,"std_msgs.msg.Header(stamp=builtin_interfaces.msg.Time(sec=1709002637, nanosec=415703875), frame_id='gps')",0.0,0.0,0.0,0.0,0.0,0.0,0,0,209
1711460804.583589,"std_msgs.msg.Header(stamp=builtin_interfaces.msg.Time(sec=1709002637, nanosec=744966875), frame_id='gps')",0.0,0.0,0.0,0.0,0.0,0.0,0,0,210
1711460804.8836563,"std_msgs.msg.Header(stamp=builtin_interfaces.msg.Time(sec=1709002638, nanosec=83379500), frame_id='gps')",0.0,0.0,0.0,0.0,0.0,0.0,0,0,211
1711460805.1842005,"std_msgs.msg.Header(stamp=builtin_interfaces.msg.Time(sec=1709002638, nanosec=414006000), frame_id='gps')",0.0,0.0,0.0,0.0,0.0,0.0,0,0,212
1711460805.4847305,"std_msgs.msg.Header(stamp=builtin_interfaces.msg.Time(sec=1709002638, nanosec=750251750), frame_id='gps')",0.0,0.0,0.0,0.0,0.0,0.0,0,0,213
1711460805.7847562,"std_msgs.msg.Header(stamp=builtin_interfaces.msg.Time(sec=1709002639, nanosec=77773125), frame_id='gps')",0.0,0.0,0.0,0.0,0.0,0.0,0,0,214
1711460806.085515,"std_msgs.msg.Header(stamp=builtin_interfaces.msg.Time(sec=1709002639, nanosec=77773125), frame_id='gps')",0.0,0.0,0.0,0.0,0.0,0.0,0,0,214
1711460806.3858154,"std_msgs.msg.Header(stamp=builtin_interfaces.msg.Time(sec=1709002639, nanosec=402704750), frame_id='gps')",0.0,0.0,0.0,0.0,0.0,0.0,0,0,215
1711460806.686398,"std_msgs.msg.Header(stamp=builtin_interfaces.msg.Time(sec=1709002639, nanosec=736654500), frame_id='gps')",0.0,0.0,0.0,0.0,0.0,0.0,0,0,216
1711460806.9864569,"std_msgs.msg.Header(stamp=builtin_interfaces.msg.Time(sec=1709002640, nanosec=62729125), frame_id='gps')",0.0,0.0,0.0,0.0,0.0,0.0,0,0,217
1711460807.2900965,"std_msgs.msg.Header(stamp=builtin_interfaces.msg.Time(sec=1709002640, nanosec=392762625), frame_id='gps')",0.0,0.0,0.0,0.0,0.0,0.0,0,0,218
1711460807.587146,"std_msgs.msg.Header(stamp=builtin_interfaces.msg.Time(sec=1709002640, nanosec=716473125), frame_id='gps')",0.0,0.0,0.0,0.0,0.0,0.0,0,0,219
1711460807.8869908,"std_msgs.msg.Header(stamp=builtin_interfaces.msg.Time(sec=1709002641, nanosec=35766125), frame_id='gps')",0.0,0.0,0.0,0.0,0.0,0.0,0,0,220
1711460808.1876616,"std_msgs.msg.Header(stamp=builtin_interfaces.msg.Time(sec=1709002641, nanosec=359889000), frame_id='gps')",0.0,0.0,0.0,0.0,0.0,0.0,0,0,221
1711460808.487645,"std_msgs.msg.Header(stamp=builtin_interfaces.msg.Time(sec=1709002641, nanosec=691104375), frame_id='gps')",0.0,0.0,0.0,0.0,0.0,0.0,0,0,222
1711460808.7881637,"std_msgs.msg.Header(stamp=builtin_interfaces.msg.Time(sec=1709002642, nanosec=22809000), frame_id='gps')",0.0,0.0,0.0,0.0,0.0,0.0,0,0,223
1711460809.088325,"std_msgs.msg.Header(stamp=builtin_interfaces.msg.Time(sec=1709002642, nanosec=354249500), frame_id='gps')",0.0,0.0,0.0,0.0,0.0,0.0,0,0,224
1711460809.388647,"std_msgs.msg.Header(stamp=builtin_interfaces.msg.Time(sec=1709002642, nanosec=679708625), frame_id='gps')",0.0,0.0,0.0,0.0,0.0,0.0,0,0,225
1711460809.6892965,"std_msgs.msg.Header(stamp=builtin_interfaces.msg.Time(sec=1709002642, nanosec=679708625), frame_id='gps')",0.0,0.0,0.0,0.0,0.0,0.0,0,0,225
1711460809.9895236,"std_msgs.msg.Header(stamp=builtin_interfaces.msg.Time(sec=1709002643, nanosec=18832000), frame_id='gps')",0.0,0.0,0.0,0.0,0.0,0.0,0,0,226
1711460810.289732,"std_msgs.msg.Header(stamp=builtin_interfaces.msg.Time(sec=1709002643, nanosec=344549375), frame_id='gps')",0.0,0.0,0.0,0.0,0.0,0.0,0,0,227
1711460810.5897658,"std_msgs.msg.Header(stamp=builtin_interfaces.msg.Time(sec=1709002643, nanosec=674947375), frame_id='gps')",0.0,0.0,0.0,0.0,0.0,0.0,0,0,228
1711460810.8902562,"std_msgs.msg.Header(stamp=builtin_interfaces.msg.Time(sec=1709002644, nanosec=1415250), frame_id='gps')",0.0,0.0,0.0,0.0,0.0,0.0,0,0,229
1711460811.1901462,"std_msgs.msg.Header(stamp=builtin_interfaces.msg.Time(sec=1709002644, nanosec=330518125), frame_id='gps')",0.0,0.0,0.0,0.0,0.0,0.0,0,0,230
1711460811.490301,"std_msgs.msg.Header(stamp=builtin_interfaces.msg.Time(sec=1709002644, nanosec=656165375), frame_id='gps')",0.0,0.0,0.0,0.0,0.0,0.0,0,0,231
1711460811.7903588,"std_msgs.msg.Header(stamp=builtin_interfaces.msg.Time(sec=1709002644, nanosec=977688125), frame_id='gps')",0.0,0.0,0.0,0.0,0.0,0.0,0,0,232
1711460812.0909488,"std_msgs.msg.Header(stamp=builtin_interfaces.msg.Time(sec=1709002645, nanosec=301629250), frame_id='gps')",0.0,0.0,0.0,0.0,0.0,0.0,0,0,233
1711460812.3912134,"std_msgs.msg.Header(stamp=builtin_interfaces.msg.Time(sec=1709002645, nanosec=625700500), frame_id='gps')",0.0,0.0,0.0,0.0,0.0,0.0,0,0,234
1711460812.6912377,"std_msgs.msg.Header(stamp=builtin_interfaces.msg.Time(sec=1709002645, nanosec=947792000), frame_id='gps')",0.0,0.0,0.0,0.0,0.0,0.0,0,0,235
1711460812.9915476,"std_msgs.msg.Header(stamp=builtin_interfaces.msg.Time(sec=1709002646, nanosec=269989875), frame_id='gps')",0.0,0.0,0.0,0.0,0.0,0.0,0,0,236
1711460813.2917798,"std_msgs.msg.Header(stamp=builtin_interfaces.msg.Time(sec=1709002646, nanosec=269989875), frame_id='gps')",0.0,0.0,0.0,0.0,0.0,0.0,0,0,236
1711460813.591983,"std_msgs.msg.Header(stamp=builtin_interfaces.msg.Time(sec=1709002646, nanosec=598798375), frame_id='gps')",0.0,0.0,0.0,0.0,0.0,0.0,0,0,237
1711460813.8926911,"std_msgs.msg.Header(stamp=builtin_interfaces.msg.Time(sec=1709002646, nanosec=931766750), frame_id='gps')",0.0,0.0,0.0,0.0,0.0,0.0,0,0,238
1711460814.192939,"std_msgs.msg.Header(stamp=builtin_interfaces.msg.Time(sec=1709002647, nanosec=257470125), frame_id='gps')",0.0,0.0,0.0,0.0,0.0,0.0,0,0,239
1711460814.49288,"std_msgs.msg.Header(stamp=builtin_interfaces.msg.Time(sec=1709002647, nanosec=599225875), frame_id='gps')",0.0,0.0,0.0,0.0,0.0,0.0,0,0,240
1711460814.7930486,"std_msgs.msg.Header(stamp=builtin_interfaces.msg.Time(sec=1709002647, nanosec=932632500), frame_id='gps')",0.0,0.0,0.0,0.0,0.0,0.0,0,0,241
1711460815.0935843,"std_msgs.msg.Header(stamp=builtin_interfaces.msg.Time(sec=1709002648, nanosec=258468750), frame_id='gps')",0.0,0.0,0.0,0.0,0.0,0.0,0,0,242
1711460815.393757,"std_msgs.msg.Header(stamp=builtin_interfaces.msg.Time(sec=1709002648, nanosec=580609125), frame_id='gps')",0.0,0.0,0.0,0.0,0.0,0.0,0,0,243
1711460815.6940894,"std_msgs.msg.Header(stamp=builtin_interfaces.msg.Time(sec=1709002648, nanosec=914957750), frame_id='gps')",0.0,0.0,0.0,0.0,0.0,0.0,0,0,244
1711460815.9944065,"std_msgs.msg.Header(stamp=builtin_interfaces.msg.Time(sec=1709002649, nanosec=248292125), frame_id='gps')",0.0,0.0,0.0,0.0,0.0,0.0,0,0,245
1711460816.2945967,"std_msgs.msg.Header(stamp=builtin_interfaces.msg.Time(sec=1709002649, nanosec=569571625), frame_id='gps')",0.0,0.0,0.0,0.0,0.0,0.0,0,0,246
1711460816.5946612,"std_msgs.msg.Header(stamp=builtin_interfaces.msg.Time(sec=1709002649, nanosec=569571625), frame_id='gps')",0.0,0.0,0.0,0.0,0.0,0.0,0,0,246
1711460816.8950047,"std_msgs.msg.Header(stamp=builtin_interfaces.msg.Time(sec=1709002649, nanosec=899152375), frame_id='gps')",0.0,0.0,0.0,0.0,0.0,0.0,0,0,247
1711460817.1952715,"std_msgs.msg.Header(stamp=builtin_interfaces.msg.Time(sec=1709002650, nanosec=234047250), frame_id='gps')",0.0,0.0,0.0,0.0,0.0,0.0,0,0,248
1711460817.4954622,"std_msgs.msg.Header(stamp=builtin_interfaces.msg.Time(sec=1709002650, nanosec=565392875), frame_id='gps')",0.0,0.0,0.0,0.0,0.0,0.0,0,0,249
1711460817.7959857,"std_msgs.msg.Header(stamp=builtin_interfaces.msg.Time(sec=1709002650, nanosec=902798625), frame_id='gps')",0.0,0.0,0.0,0.0,0.0,0.0,0,0,250
1711460818.096303,"std_msgs.msg.Header(stamp=builtin_interfaces.msg.Time(sec=1709002651, nanosec=226840875), frame_id='gps')",0.0,0.0,0.0,0.0,0.0,0.0,0,0,251
1711460818.3967197,"std_msgs.msg.Header(stamp=builtin_interfaces.msg.Time(sec=1709002651, nanosec=554528750), frame_id='gps')",0.0,0.0,0.0,0.0,0.0,0.0,0,0,252
1711460818.696706,"std_msgs.msg.Header(stamp=builtin_interfaces.msg.Time(sec=1709002651, nanosec=879552250), frame_id='gps')",0.0,0.0,0.0,0.0,0.0,0.0,0,0,253
1711460818.9967952,"std_msgs.msg.Header(stamp=builtin_interfaces.msg.Time(sec=1709002652, nanosec=209875875), frame_id='gps')",0.0,0.0,0.0,0.0,0.0,0.0,0,0,254
1711460819.2970438,"std_msgs.msg.Header(stamp=builtin_interfaces.msg.Time(sec=1709002652, nanosec=530884125), frame_id='gps')",0.0,0.0,0.0,0.0,0.0,0.0,0,0,255
1711460819.5973313,"std_msgs.msg.Header(stamp=builtin_interfaces.msg.Time(sec=1709002652, nanosec=860702125), frame_id='gps')",0.0,0.0,0.0,0.0,0.0,0.0,0,0,0
1711460819.8981767,"std_msgs.msg.Header(stamp=builtin_interfaces.msg.Time(sec=1709002653, nanosec=185291625), frame_id='gps')",0.0,0.0,0.0,0.0,0.0,0.0,0,0,1
1711460820.1979756,"std_msgs.msg.Header(stamp=builtin_interfaces.msg.Time(sec=1709002653, nanosec=185291625), frame_id='gps')",0.0,0.0,0.0,0.0,0.0,0.0,0,0,1
1711460820.4984696,"std_msgs.msg.Header(stamp=builtin_interfaces.msg.Time(sec=1709002653, nanosec=546726500), frame_id='gps')",0.0,0.0,0.0,0.0,0.0,0.0,0,0,2
1711460820.7991242,"std_msgs.msg.Header(stamp=builtin_interfaces.msg.Time(sec=1709002653, nanosec=873217000), frame_id='gps')",0.0,0.0,0.0,0.0,0.0,0.0,0,0,3
1711460821.0991275,"std_msgs.msg.Header(stamp=builtin_interfaces.msg.Time(sec=1709002654, nanosec=204623500), frame_id='gps')",0.0,0.0,0.0,0.0,0.0,0.0,0,0,4
1711460821.399706,"std_msgs.msg.Header(stamp=builtin_interfaces.msg.Time(sec=1709002654, nanosec=534005750), frame_id='gps')",0.0,0.0,0.0,0.0,0.0,0.0,0,0,5
1711460821.6998372,"std_msgs.msg.Header(stamp=builtin_interfaces.msg.Time(sec=1709002654, nanosec=861521000), frame_id='gps')",0.0,0.0,0.0,0.0,0.0,0.0,0,0,6
1711460822.0004115,"std_msgs.msg.Header(stamp=builtin_interfaces.msg.Time(sec=1709002655, nanosec=187854125), frame_id='gps')",0.0,0.0,0.0,0.0,0.0,0.0,0,0,7
1711460822.300902,"std_msgs.msg.Header(stamp=builtin_interfaces.msg.Time(sec=1709002655, nanosec=515450875), frame_id='gps')",0.0,0.0,0.0,0.0,0.0,0.0,0,0,8
1711460822.6009777,"std_msgs.msg.Header(stamp=builtin_interfaces.msg.Time(sec=1709002655, nanosec=852617375), frame_id='gps')",0.0,0.0,0.0,0.0,0.0,0.0,0,0,9
1711460822.9011726,"std_msgs.msg.Header(stamp=builtin_interfaces.msg.Time(sec=1709002656, nanosec=182946875), frame_id='gps')",0.0,0.0,0.0,0.0,0.0,0.0,0,0,10
1711460823.2011542,"std_msgs.msg.Header(stamp=builtin_interfaces.msg.Time(sec=1709002656, nanosec=182946875), frame_id='gps')",0.0,0.0,0.0,0.0,0.0,0.0,0,0,10
1711460823.50148,"std_msgs.msg.Header(stamp=builtin_interfaces.msg.Time(sec=1709002656, nanosec=519362125), frame_id='gps')",0.0,0.0,0.0,0.0,0.0,0.0,0,0,11
1711460823.8020153,"std_msgs.msg.Header(stamp=builtin_interfaces.msg.Time(sec=1709002656, nanosec=858885000), frame_id='gps')",0.0,0.0,0.0,0.0,0.0,0.0,0,0,12
1711460824.101776,"std_msgs.msg.Header(stamp=builtin_interfaces.msg.Time(sec=1709002657, nanosec=196613750), frame_id='gps')",0.0,0.0,0.0,0.0,0.0,0.0,0,0,13
1711460824.4023232,"std_msgs.msg.Header(stamp=builtin_interfaces.msg.Time(sec=1709002657, nanosec=539000000), frame_id='gps')",0.0,0.0,0.0,0.0,0.0,0.0,0,0,14
1711460824.7027133,"std_msgs.msg.Header(stamp=builtin_interfaces.msg.Time(sec=1709002657, nanosec=870225125), frame_id='gps')",0.0,0.0,0.0,0.0,0.0,0.0,0,0,15
1711460825.0030313,"std_msgs.msg.Header(stamp=builtin_interfaces.msg.Time(sec=1709002658, nanosec=197065125), frame_id='gps')",0.0,0.0,0.0,0.0,0.0,0.0,0,0,16
1711460825.3030703,"std_msgs.msg.Header(stamp=builtin_interfaces.msg.Time(sec=1709002658, nanosec=521919750), frame_id='gps')",0.0,0.0,0.0,0.0,0.0,0.0,0,0,17
1711460825.6035142,"std_msgs.msg.Header(stamp=builtin_interfaces.msg.Time(sec=1709002658, nanosec=848722375), frame_id='gps')",0.0,0.0,0.0,0.0,0.0,0.0,0,0,18
1711460825.9039867,"std_msgs.msg.Header(stamp=builtin_interfaces.msg.Time(sec=1709002659, nanosec=178204625), frame_id='gps')",0.0,0.0,0.0,0.0,0.0,0.0,0,0,19
1711460826.2041817,"std_msgs.msg.Header(stamp=builtin_interfaces.msg.Time(sec=1709002659, nanosec=504812000), frame_id='gps')",0.0,0.0,0.0,0.0,0.0,0.0,0,0,20
1711460826.5044134,"std_msgs.msg.Header(stamp=builtin_interfaces.msg.Time(sec=1709002659, nanosec=504812000), frame_id='gps')",0.0,0.0,0.0,0.0,0.0,0.0,0,0,20
1711460826.8048437,"std_msgs.msg.Header(stamp=builtin_interfaces.msg.Time(sec=1709002659, nanosec=824747000), frame_id='gps')",0.0,0.0,0.0,0.0,0.0,0.0,0,0,21
1711460827.1048672,"std_msgs.msg.Header(stamp=builtin_interfaces.msg.Time(sec=1709002660, nanosec=145562625), frame_id='gps')",0.0,0.0,0.0,0.0,0.0,0.0,0,0,22
1711460827.405222,"std_msgs.msg.Header(stamp=builtin_interfaces.msg.Time(sec=1709002660, nanosec=466173625), frame_id='gps')",0.0,0.0,0.0,0.0,0.0,0.0,0,0,23
1711460827.7050774,"std_msgs.msg.Header(stamp=builtin_interfaces.msg.Time(sec=1709002660, nanosec=789040500), frame_id='gps')",0.0,0.0,0.0,0.0,0.0,0.0,0,0,24
1711460828.0057087,"std_msgs.msg.Header(stamp=builtin_interfaces.msg.Time(sec=1709002661, nanosec=118937625), frame_id='gps')",0.0,0.0,0.0,0.0,0.0,0.0,0,0,25
1711460828.3059936,"std_msgs.msg.Header(stamp=builtin_interfaces.msg.Time(sec=1709002661, nanosec=449403500), frame_id='gps')",0.0,0.0,0.0,0.0,0.0,0.0,0,0,26
1711460828.6061387,"std_msgs.msg.Header(stamp=builtin_interfaces.msg.Time(sec=1709002661, nanosec=773393625), frame_id='gps')",0.0,0.0,0.0,0.0,0.0,0.0,0,0,27
1711460828.906578,"std_msgs.msg.Header(stamp=builtin_interfaces.msg.Time(sec=1709002662, nanosec=96550250), frame_id='gps')",0.0,0.0,0.0,0.0,0.0,0.0,0,0,28
1711460829.2070863,"std_msgs.msg.Header(stamp=builtin_interfaces.msg.Time(sec=1709002662, nanosec=419203250), frame_id='gps')",0.0,0.0,0.0,0.0,0.0,0.0,0,0,29
1711460829.507116,"std_msgs.msg.Header(stamp=builtin_interfaces.msg.Time(sec=1709002662, nanosec=739392375), frame_id='gps')",0.0,0.0,0.0,0.0,0.0,0.0,0,0,30
1711460829.807313,"std_msgs.msg.Header(stamp=builtin_interfaces.msg.Time(sec=1709002663, nanosec=64216750), frame_id='gps')",0.0,0.0,0.0,0.0,0.0,0.0,0,0,31
1711460830.1074982,"std_msgs.msg.Header(stamp=builtin_interfaces.msg.Time(sec=1709002663, nanosec=387920750), frame_id='gps')",0.0,0.0,0.0,0.0,0.0,0.0,0,0,32
1711460830.407776,"std_msgs.msg.Header(stamp=builtin_interfaces.msg.Time(sec=1709002663, nanosec=387920750), frame_id='gps')",0.0,0.0,0.0,0.0,0.0,0.0,0,0,32
1711460830.707983,"std_msgs.msg.Header(stamp=builtin_interfaces.msg.Time(sec=1709002663, nanosec=717938250), frame_id='gps')",0.0,0.0,0.0,0.0,0.0,0.0,0,0,33
1711460831.0082955,"std_msgs.msg.Header(stamp=builtin_interfaces.msg.Time(sec=1709002664, nanosec=53676500), frame_id='gps')",0.0,0.0,0.0,0.0,0.0,0.0,0,0,34
1711460831.3084412,"std_msgs.msg.Header(stamp=builtin_interfaces.msg.Time(sec=1709002664, nanosec=377003375), frame_id='gps')",0.0,0.0,0.0,0.0,0.0,0.0,0,0,35
1711460831.6089005,"std_msgs.msg.Header(stamp=builtin_interfaces.msg.Time(sec=1709002664, nanosec=704990875), frame_id='gps')",0.0,0.0,0.0,0.0,0.0,0.0,0,0,36
1711460831.9091144,"std_msgs.msg.Header(stamp=builtin_interfaces.msg.Time(sec=1709002665, nanosec=34313250), frame_id='gps')",0.0,0.0,0.0,0.0,0.0,0.0,0,0,37
1711460832.2093873,"std_msgs.msg.Header(stamp=builtin_interfaces.msg.Time(sec=1709002665, nanosec=355427125), frame_id='gps')",0.0,0.0,0.0,0.0,0.0,0.0,0,0,38
1711460832.509728,"std_msgs.msg.Header(stamp=builtin_interfaces.msg.Time(sec=1709002665, nanosec=679499500), frame_id='gps')",0.0,0.0,0.0,0.0,0.0,0.0,0,0,39
1711460832.8101315,"std_msgs.msg.Header(stamp=builtin_interfaces.msg.Time(sec=1709002666, nanosec=2112500), frame_id='gps')",0.0,0.0,0.0,0.0,0.0,0.0,0,0,40
1711460833.1104958,"std_msgs.msg.Header(stamp=builtin_interfaces.msg.Time(sec=1709002666, nanosec=345035500), frame_id='gps')",0.0,0.0,0.0,0.0,0.0,0.0,0,0,41
1711460833.4110608,"std_msgs.msg.Header(stamp=builtin_interfaces.msg.Time(sec=1709002666, nanosec=677112250), frame_id='gps')",0.0,0.0,0.0,0.0,0.0,0.0,0,0,42
1711460833.7110713,"std_msgs.msg.Header(stamp=builtin_interfaces.msg.Time(sec=1709002667, nanosec=5179375), frame_id='gps')",0.0,0.0,0.0,0.0,0.0,0.0,0,0,43
1711460834.011237,"std_msgs.msg.Header(stamp=builtin_interfaces.msg.Time(sec=1709002667, nanosec=5179375), frame_id='gps')",0.0,0.0,0.0,0.0,0.0,0.0,0,0,43
1711460834.311556,"std_msgs.msg.Header(stamp=builtin_interfaces.msg.Time(sec=1709002667, nanosec=333685625), frame_id='gps')",0.0,0.0,0.0,0.0,0.0,0.0,0,0,44
1711460834.611992,"std_msgs.msg.Header(stamp=builtin_interfaces.msg.Time(sec=1709002667, nanosec=660996000), frame_id='gps')",0.0,0.0,0.0,0.0,0.0,0.0,0,0,45
1711460834.9122488,"std_msgs.msg.Header(stamp=builtin_interfaces.msg.Time(sec=1709002667, nanosec=991392375), frame_id='gps')",0.0,0.0,0.0,0.0,0.0,0.0,0,0,46
1711460835.2124245,"std_msgs.msg.Header(stamp=builtin_interfaces.msg.Time(sec=1709002668, nanosec=331134875), frame_id='gps')",0.0,0.0,0.0,0.0,0.0,0.0,0,0,47
1711460835.5130663,"std_msgs.msg.Header(stamp=builtin_interfaces.msg.Time(sec=1709002668, nanosec=660831125), frame_id='gps')",0.0,0.0,0.0,0.0,0.0,0.0,0,0,48
1711460835.813238,"std_msgs.msg.Header(stamp=builtin_interfaces.msg.Time(sec=1709002668, nanosec=991695250), frame_id='gps')",0.0,0.0,0.0,0.0,0.0,0.0,0,0,49
1711460836.1138055,"std_msgs.msg.Header(stamp=builtin_interfaces.msg.Time(sec=1709002669, nanosec=320535875), frame_id='gps')",0.0,0.0,0.0,0.0,0.0,0.0,0,0,50
1711460836.4142323,"std_msgs.msg.Header(stamp=builtin_interfaces.msg.Time(sec=1709002669, nanosec=655828000), frame_id='gps')",0.0,0.0,0.0,0.0,0.0,0.0,0,0,51
1711460836.71427,"std_msgs.msg.Header(stamp=builtin_interfaces.msg.Time(sec=1709002670, nanosec=3216875), frame_id='gps')",0.0,0.0,0.0,0.0,0.0,0.0,0,0,52
1711460837.0147405,"std_msgs.msg.Header(stamp=builtin_interfaces.msg.Time(sec=1709002670, nanosec=3216875), frame_id='gps')",0.0,0.0,0.0,0.0,0.0,0.0,0,0,52
1711460837.315286,"std_msgs.msg.Header(stamp=builtin_interfaces.msg.Time(sec=1709002670, nanosec=361089750), frame_id='gps')",0.0,0.0,0.0,0.0,0.0,0.0,0,0,53
1711460837.615661,"std_msgs.msg.Header(stamp=builtin_interfaces.msg.Time(sec=1709002670, nanosec=689842250), frame_id='gps')",0.0,0.0,0.0,0.0,0.0,0.0,0,0,54
1711460837.9160182,"std_msgs.msg.Header(stamp=builtin_interfaces.msg.Time(sec=1709002671, nanosec=23480750), frame_id='gps')",0.0,0.0,0.0,0.0,0.0,0.0,0,0,55
1711460838.2162724,"std_msgs.msg.Header(stamp=builtin_interfaces.msg.Time(sec=1709002671, nanosec=352551500), frame_id='gps')",0.0,0.0,0.0,0.0,0.0,0.0,0,0,56
1711460838.5163956,"std_msgs.msg.Header(stamp=builtin_interfaces.msg.Time(sec=1709002671, nanosec=674975375), frame_id='gps')",0.0,0.0,0.0,0.0,0.0,0.0,0,0,57
1711460838.8163636,"std_msgs.msg.Header(stamp=builtin_interfaces.msg.Time(sec=1709002671, nanosec=999289000), frame_id='gps')",0.0,0.0,0.0,0.0,0.0,0.0,0,0,58
1711460839.116804,"std_msgs.msg.Header(stamp=builtin_interfaces.msg.Time(sec=1709002672, nanosec=323700625), frame_id='gps')",0.0,0.0,0.0,0.0,0.0,0.0,0,0,59
1711460839.4169447,"std_msgs.msg.Header(stamp=builtin_interfaces.msg.Time(sec=1709002672, nanosec=657448750), frame_id='gps')",0.0,0.0,0.0,0.0,0.0,0.0,0,0,60
1711460839.7191617,"std_msgs.msg.Header(stamp=builtin_interfaces.msg.Time(sec=1709002672, nanosec=987081500), frame_id='gps')",0.0,0.0,0.0,0.0,0.0,0.0,0,0,61
1711460840.0172358,"std_msgs.msg.Header(stamp=builtin_interfaces.msg.Time(sec=1709002673, nanosec=315365000), frame_id='gps')",0.0,0.0,0.0,0.0,0.0,0.0,0,0,62
1711460840.3174658,"std_msgs.msg.Header(stamp=builtin_interfaces.msg.Time(sec=1709002673, nanosec=315365000), frame_id='gps')",0.0,0.0,0.0,0.0,0.0,0.0,0,0,62
1711460840.6178956,"std_msgs.msg.Header(stamp=builtin_interfaces.msg.Time(sec=1709002673, nanosec=658671750), frame_id='gps')",0.0,0.0,0.0,0.0,0.0,0.0,0,0,63
1711460840.9182224,"std_msgs.msg.Header(stamp=builtin_interfaces.msg.Time(sec=1709002673, nanosec=984855250), frame_id='gps')",0.0,0.0,0.0,0.0,0.0,0.0,0,0,64
1711460841.218472,"std_msgs.msg.Header(stamp=builtin_interfaces.msg.Time(sec=1709002674, nanosec=318747625), frame_id='gps')",0.0,0.0,0.0,0.0,0.0,0.0,0,0,65
1711460841.5185826,"std_msgs.msg.Header(stamp=builtin_interfaces.msg.Time(sec=1709002674, nanosec=641885875), frame_id='gps')",0.0,0.0,0.0,0.0,0.0,0.0,0,0,66
1711460841.818925,"std_msgs.msg.Header(stamp=builtin_interfaces.msg.Time(sec=1709002674, nanosec=965916625), frame_id='gps')",0.0,0.0,0.0,0.0,0.0,0.0,0,0,67
1711460842.1191382,"std_msgs.msg.Header(stamp=builtin_interfaces.msg.Time(sec=1709002675, nanosec=287814000), frame_id='gps')",0.0,0.0,0.0,0.0,0.0,0.0,0,0,68
1711460842.4193113,"std_msgs.msg.Header(stamp=builtin_interfaces.msg.Time(sec=1709002675, nanosec=609387875), frame_id='gps')",0.0,0.0,0.0,0.0,0.0,0.0,0,0,69
1711460842.7195368,"std_msgs.msg.Header(stamp=builtin_interfaces.msg.Time(sec=1709002675, nanosec=932074625), frame_id='gps')",0.0,0.0,0.0,0.0,0.0,0.0,0,0,70
1711460843.019753,"std_msgs.msg.Header(stamp=builtin_interfaces.msg.Time(sec=1709002676, nanosec=254870875), frame_id='gps')",0.0,0.0,0.0,0.0,0.0,0.0,0,0,71
1711460843.3199146,"std_msgs.msg.Header(stamp=builtin_interfaces.msg.Time(sec=1709002676, nanosec=579138000), frame_id='gps')",0.0,0.0,0.0,0.0,0.0,0.0,0,0,72
1711460843.620339,"std_msgs.msg.Header(stamp=builtin_interfaces.msg.Time(sec=1709002676, nanosec=905992625), frame_id='gps')",0.0,0.0,0.0,0.0,0.0,0.0,0,0,73
1711460843.9208684,"std_msgs.msg.Header(stamp=builtin_interfaces.msg.Time(sec=1709002676, nanosec=905992625), frame_id='gps')",0.0,0.0,0.0,0.0,0.0,0.0,0,0,73
1711460844.220787,"std_msgs.msg.Header(stamp=builtin_interfaces.msg.Time(sec=1709002677, nanosec=227864875), frame_id='gps')",0.0,0.0,0.0,0.0,0.0,0.0,0,0,74
1711460844.5211906,"std_msgs.msg.Header(stamp=builtin_interfaces.msg.Time(sec=1709002677, nanosec=550624250), frame_id='gps')",0.0,0.0,0.0,0.0,0.0,0.0,0,0,75
1711460844.8214436,"std_msgs.msg.Header(stamp=builtin_interfaces.msg.Time(sec=1709002677, nanosec=881359000), frame_id='gps')",0.0,0.0,0.0,0.0,0.0,0.0,0,0,76
1711460845.1213968,"std_msgs.msg.Header(stamp=builtin_interfaces.msg.Time(sec=1709002678, nanosec=208037750), frame_id='gps')",0.0,0.0,0.0,0.0,0.0,0.0,0,0,77
1711460845.42166,"std_msgs.msg.Header(stamp=builtin_interfaces.msg.Time(sec=1709002678, nanosec=531381500), frame_id='gps')",0.0,0.0,0.0,0.0,0.0,0.0,0,0,78
1711460845.7218916,"std_msgs.msg.Header(stamp=builtin_interfaces.msg.Time(sec=1709002678, nanosec=853056875), frame_id='gps')",0.0,0.0,0.0,0.0,0.0,0.0,0,0,79
1711460846.022592,"std_msgs.msg.Header(stamp=builtin_interfaces.msg.Time(sec=1709002679, nanosec=179737125), frame_id='gps')",0.0,0.0,0.0,0.0,0.0,0.0,0,0,80
1711460846.3223813,"std_msgs.msg.Header(stamp=builtin_interfaces.msg.Time(sec=1709002679, nanosec=505528000), frame_id='gps')",0.0,0.0,0.0,0.0,0.0,0.0,0,0,81
1711460846.6230137,"std_msgs.msg.Header(stamp=builtin_interfaces.msg.Time(sec=1709002679, nanosec=836990500), frame_id='gps')",0.0,0.0,0.0,0.0,0.0,0.0,0,0,82
1711460846.9227886,"std_msgs.msg.Header(stamp=builtin_interfaces.msg.Time(sec=1709002680, nanosec=154584500), frame_id='gps')",0.0,0.0,0.0,0.0,0.0,0.0,0,0,83
1711460847.2230685,"std_msgs.msg.Header(stamp=builtin_interfaces.msg.Time(sec=1709002680, nanosec=480849875), frame_id='gps')",0.0,0.0,0.0,0.0,0.0,0.0,0,0,84
1711460847.5233102,"std_msgs.msg.Header(stamp=builtin_interfaces.msg.Time(sec=1709002680, nanosec=801480625), frame_id='gps')",0.0,0.0,0.0,0.0,0.0,0.0,0,0,85
1711460847.823553,"std_msgs.msg.Header(stamp=builtin_interfaces.msg.Time(sec=1709002680, nanosec=801480625), frame_id='gps')",0.0,0.0,0.0,0.0,0.0,0.0,0,0,85
1711460848.1242223,"std_msgs.msg.Header(stamp=builtin_interfaces.msg.Time(sec=1709002681, nanosec=131300875), frame_id='gps')",0.0,0.0,0.0,0.0,0.0,0.0,0,0,86
1711460848.4243326,"std_msgs.msg.Header(stamp=builtin_interfaces.msg.Time(sec=1709002681, nanosec=460140125), frame_id='gps')",0.0,0.0,0.0,0.0,0.0,0.0,0,0,87
1711460848.7242713,"std_msgs.msg.Header(stamp=builtin_interfaces.msg.Time(sec=1709002681, nanosec=784826500), frame_id='gps')",0.0,0.0,0.0,0.0,0.0,0.0,0,0,88
1711460849.0248342,"std_msgs.msg.Header(stamp=builtin_interfaces.msg.Time(sec=1709002682, nanosec=106972750), frame_id='gps')",0.0,0.0,0.0,0.0,0.0,0.0,0,0,89
1711460849.3251321,"std_msgs.msg.Header(stamp=builtin_interfaces.msg.Time(sec=1709002682, nanosec=427698625), frame_id='gps')",0.0,0.0,0.0,0.0,0.0,0.0,0,0,90
1711460849.6254728,"std_msgs.msg.Header(stamp=builtin_interfaces.msg.Time(sec=1709002682, nanosec=748343625), frame_id='gps')",0.0,0.0,0.0,0.0,0.0,0.0,0,0,91
1711460849.9257717,"std_msgs.msg.Header(stamp=builtin_interfaces.msg.Time(sec=1709002683, nanosec=69133500), frame_id='gps')",0.0,0.0,0.0,0.0,0.0,0.0,0,0,92
1711460850.225941,"std_msgs.msg.Header(stamp=builtin_interfaces.msg.Time(sec=1709002683, nanosec=389142875), frame_id='gps')",0.0,0.0,0.0,0.0,0.0,0.0,0,0,93
1711460850.5261996,"std_msgs.msg.Header(stamp=builtin_interfaces.msg.Time(sec=1709002683, nanosec=710381000), frame_id='gps')",0.0,0.0,0.0,0.0,0.0,0.0,0,0,94
1711460850.8264365,"std_msgs.msg.Header(stamp=builtin_interfaces.msg.Time(sec=1709002684, nanosec=33923625), frame_id='gps')",0.0,0.0,0.0,0.0,0.0,0.0,0,0,95
1711460851.1268039,"std_msgs.msg.Header(stamp=builtin_interfaces.msg.Time(sec=1709002684, nanosec=360364125), frame_id='gps')",0.0,0.0,0.0,0.0,0.0,0.0,0,0,96
1711460851.4266121,"std_msgs.msg.Header(stamp=builtin_interfaces.msg.Time(sec=1709002684, nanosec=690319250), frame_id='gps')",0.0,0.0,0.0,0.0,0.0,0.0,0,0,97
1711460851.7272286,"std_msgs.msg.Header(stamp=builtin_interfaces.msg.Time(sec=1709002684, nanosec=690319250), frame_id='gps')",0.0,0.0,0.0,0.0,0.0,0.0,0,0,97
1711460852.027088,"std_msgs.msg.Header(stamp=builtin_interfaces.msg.Time(sec=1709002685, nanosec=51853625), frame_id='gps')",0.0,0.0,0.0,0.0,0.0,0.0,0,0,98
1711460852.3275442,"std_msgs.msg.Header(stamp=builtin_interfaces.msg.Time(sec=1709002685, nanosec=374823125), frame_id='gps')",0.0,0.0,0.0,0.0,0.0,0.0,0,0,99
1711460852.6284266,"std_msgs.msg.Header(stamp=builtin_interfaces.msg.Time(sec=1709002685, nanosec=711610250), frame_id='gps')",0.0,0.0,0.0,0.0,0.0,0.0,0,0,100
1711460852.9283385,"std_msgs.msg.Header(stamp=builtin_interfaces.msg.Time(sec=1709002686, nanosec=55162125), frame_id='gps')",0.0,0.0,0.0,0.0,0.0,0.0,0,0,101
1711460853.228613,"std_msgs.msg.Header(stamp=builtin_interfaces.msg.Time(sec=1709002686, nanosec=388565375), frame_id='gps')",0.0,0.0,0.0,0.0,0.0,0.0,0,0,102
1711460853.5289812,"std_msgs.msg.Header(stamp=builtin_interfaces.msg.Time(sec=1709002686, nanosec=723753000), frame_id='gps')",0.0,0.0,0.0,0.0,0.0,0.0,0,0,103
1711460853.8292432,"std_msgs.msg.Header(stamp=builtin_interfaces.msg.Time(sec=1709002687, nanosec=57537750), frame_id='gps')",0.0,0.0,0.0,0.0,0.0,0.0,0,0,104
1711460854.1295595,"std_msgs.msg.Header(stamp=builtin_interfaces.msg.Time(sec=1709002687, nanosec=379105125), frame_id='gps')",0.0,0.0,0.0,0.0,0.0,0.0,0,0,105
1711460854.4299185,"std_msgs.msg.Header(stamp=builtin_interfaces.msg.Time(sec=1709002687, nanosec=711166000), frame_id='gps')",0.0,0.0,0.0,0.0,0.0,0.0,0,0,106
1711460854.730081,"std_msgs.msg.Header(stamp=builtin_interfaces.msg.Time(sec=1709002687, nanosec=711166000), frame_id='gps')",0.0,0.0,0.0,0.0,0.0,0.0,0,0,106
1711460855.0303183,"std_msgs.msg.Header(stamp=builtin_interfaces.msg.Time(sec=1709002688, nanosec=35055375), frame_id='gps')",0.0,0.0,0.0,0.0,0.0,0.0,0,0,107
1711460855.3304172,"std_msgs.msg.Header(stamp=builtin_interfaces.msg.Time(sec=1709002688, nanosec=358784750), frame_id='gps')",0.0,0.0,0.0,0.0,0.0,0.0,0,0,108
1711460855.6308155,"std_msgs.msg.Header(stamp=builtin_interfaces.msg.Time(sec=1709002688, nanosec=689223500), frame_id='gps')",0.0,0.0,0.0,0.0,0.0,0.0,0,0,109
1711460855.9310966,"std_msgs.msg.Header(stamp=builtin_interfaces.msg.Time(sec=1709002689, nanosec=70416750), frame_id='gps')",0.0,0.0,0.0,0.0,0.0,0.0,0,0,110
1711460856.231406,"std_msgs.msg.Header(stamp=builtin_interfaces.msg.Time(sec=1709002689, nanosec=398404750), frame_id='gps')",0.0,0.0,0.0,0.0,0.0,0.0,0,0,111
1711460856.5314565,"std_msgs.msg.Header(stamp=builtin_interfaces.msg.Time(sec=1709002689, nanosec=731737875), frame_id='gps')",0.0,0.0,0.0,0.0,0.0,0.0,0,0,112
1711460856.8317077,"std_msgs.msg.Header(stamp=builtin_interfaces.msg.Time(sec=1709002690, nanosec=66814875), frame_id='gps')",0.0,0.0,0.0,0.0,0.0,0.0,0,0,113
1711460857.1319032,"std_msgs.msg.Header(stamp=builtin_interfaces.msg.Time(sec=1709002690, nanosec=403107000), frame_id='gps')",0.0,0.0,0.0,0.0,0.0,0.0,0,0,114
1711460857.4325204,"std_msgs.msg.Header(stamp=builtin_interfaces.msg.Time(sec=1709002690, nanosec=725981000), frame_id='gps')",0.0,0.0,0.0,0.0,0.0,0.0,0,0,115
1711460857.7324958,"std_msgs.msg.Header(stamp=builtin_interfaces.msg.Time(sec=1709002690, nanosec=725981000), frame_id='gps')",0.0,0.0,0.0,0.0,0.0,0.0,0,0,115
1711460858.032646,"std_msgs.msg.Header(stamp=builtin_interfaces.msg.Time(sec=1709002691, nanosec=60983375), frame_id='gps')",0.0,0.0,0.0,0.0,0.0,0.0,0,0,116
1711460858.3326607,"std_msgs.msg.Header(stamp=builtin_interfaces.msg.Time(sec=1709002691, nanosec=390738875), frame_id='gps')",0.0,0.0,0.0,0.0,0.0,0.0,0,0,117
1711460858.6330357,"std_msgs.msg.Header(stamp=builtin_interfaces.msg.Time(sec=1709002691, nanosec=720462875), frame_id='gps')",0.0,0.0,0.0,0.0,0.0,0.0,0,0,118
1711460858.9332783,"std_msgs.msg.Header(stamp=builtin_interfaces.msg.Time(sec=1709002692, nanosec=43744875), frame_id='gps')",0.0,0.0,0.0,0.0,0.0,0.0,0,0,119
1711460859.2334063,"std_msgs.msg.Header(stamp=builtin_interfaces.msg.Time(sec=1709002692, nanosec=365968875), frame_id='gps')",0.0,0.0,0.0,0.0,0.0,0.0,0,0,120
1711460859.533677,"std_msgs.msg.Header(stamp=builtin_interfaces.msg.Time(sec=1709002692, nanosec=688923375), frame_id='gps')",0.0,0.0,0.0,0.0,0.0,0.0,0,0,121
1711460859.8338277,"std_msgs.msg.Header(stamp=builtin_interfaces.msg.Time(sec=1709002693, nanosec=37519375), frame_id='gps')",0.0,0.0,0.0,0.0,0.0,0.0,0,0,122
1711460860.1347432,"std_msgs.msg.Header(stamp=builtin_interfaces.msg.Time(sec=1709002693, nanosec=363417250), frame_id='gps')",0.0,0.0,0.0,0.0,0.0,0.0,0,0,123
1711460860.434535,"std_msgs.msg.Header(stamp=builtin_interfaces.msg.Time(sec=1709002693, nanosec=695700750), frame_id='gps')",0.0,0.0,0.0,0.0,0.0,0.0,0,0,124
1711460860.7346985,"std_msgs.msg.Header(stamp=builtin_interfaces.msg.Time(sec=1709002694, nanosec=24023750), frame_id='gps')",0.0,0.0,0.0,0.0,0.0,0.0,0,0,125
1711460861.0350852,"std_msgs.msg.Header(stamp=builtin_interfaces.msg.Time(sec=1709002694, nanosec=24023750), frame_id='gps')",0.0,0.0,0.0,0.0,0.0,0.0,0,0,125
1711460861.3353047,"std_msgs.msg.Header(stamp=builtin_interfaces.msg.Time(sec=1709002694, nanosec=346109000), frame_id='gps')",0.0,0.0,0.0,0.0,0.0,0.0,0,0,126
1711460861.6355398,"std_msgs.msg.Header(stamp=builtin_interfaces.msg.Time(sec=1709002694, nanosec=671814875), frame_id='gps')",0.0,0.0,0.0,0.0,0.0,0.0,0,0,127
1711460861.9357553,"std_msgs.msg.Header(stamp=builtin_interfaces.msg.Time(sec=1709002694, nanosec=994350250), frame_id='gps')",0.0,0.0,0.0,0.0,0.0,0.0,0,0,128
1711460862.2358983,"std_msgs.msg.Header(stamp=builtin_interfaces.msg.Time(sec=1709002695, nanosec=320433500), frame_id='gps')",0.0,0.0,0.0,0.0,0.0,0.0,0,0,129
1711460862.536509,"std_msgs.msg.Header(stamp=builtin_interfaces.msg.Time(sec=1709002695, nanosec=644191000), frame_id='gps')",0.0,0.0,0.0,0.0,0.0,0.0,0,0,130
1711460862.8362832,"std_msgs.msg.Header(stamp=builtin_interfaces.msg.Time(sec=1709002695, nanosec=967060000), frame_id='gps')",0.0,0.0,0.0,0.0,0.0,0.0,0,0,131
1711460863.136713,"std_msgs.msg.Header(stamp=builtin_interfaces.msg.Time(sec=1709002696, nanosec=298292250), frame_id='gps')",0.0,0.0,0.0,0.0,0.0,0.0,0,0,132
1711460863.4367487,"std_msgs.msg.Header(stamp=builtin_interfaces.msg.Time(sec=1709002696, nanosec=626036375), frame_id='gps')",0.0,0.0,0.0,0.0,0.0,0.0,0,0,133
1711460863.736925,"std_msgs.msg.Header(stamp=builtin_interfaces.msg.Time(sec=1709002696, nanosec=948926375), frame_id='gps')",0.0,0.0,0.0,0.0,0.0,0.0,0,0,134
1711460864.037518,"std_msgs.msg.Header(stamp=builtin_interfaces.msg.Time(sec=1709002697, nanosec=289234250), frame_id='gps')",0.0,0.0,0.0,0.0,0.0,0.0,0,0,135
1711460864.3378375,"std_msgs.msg.Header(stamp=builtin_interfaces.msg.Time(sec=1709002697, nanosec=616897750), frame_id='gps')",0.0,0.0,0.0,0.0,0.0,0.0,0,0,136
1711460864.6378598,"std_msgs.msg.Header(stamp=builtin_interfaces.msg.Time(sec=1709002697, nanosec=616897750), frame_id='gps')",0.0,0.0,0.0,0.0,0.0,0.0,0,0,136
1711460864.9380538,"std_msgs.msg.Header(stamp=builtin_interfaces.msg.Time(sec=1709002697, nanosec=943010125), frame_id='gps')",0.0,0.0,0.0,0.0,0.0,0.0,0,0,137
1711460865.238344,"std_msgs.msg.Header(stamp=builtin_interfaces.msg.Time(sec=1709002698, nanosec=269811875), frame_id='gps')",0.0,0.0,0.0,0.0,0.0,0.0,0,0,138
1711460865.5386841,"std_msgs.msg.Header(stamp=builtin_interfaces.msg.Time(sec=1709002698, nanosec=596381125), frame_id='gps')",0.0,0.0,0.0,0.0,0.0,0.0,0,0,139
1711460865.839117,"std_msgs.msg.Header(stamp=builtin_interfaces.msg.Time(sec=1709002698, nanosec=919567000), frame_id='gps')",0.0,0.0,0.0,0.0,0.0,0.0,0,0,140
1711460866.1392012,"std_msgs.msg.Header(stamp=builtin_interfaces.msg.Time(sec=1709002699, nanosec=245873125), frame_id='gps')",0.0,0.0,0.0,0.0,0.0,0.0,0,0,141
1711460866.439369,"std_msgs.msg.Header(stamp=builtin_interfaces.msg.Time(sec=1709002699, nanosec=571692000), frame_id='gps')",0.0,0.0,0.0,0.0,0.0,0.0,0,0,142
1711460866.739687,"std_msgs.msg.Header(stamp=builtin_interfaces.msg.Time(sec=1709002699, nanosec=897293250), frame_id='gps')",0.0,0.0,0.0,0.0,0.0,0.0,0,0,143
1711460867.040137,"std_msgs.msg.Header(stamp=builtin_interfaces.msg.Time(sec=1709002700, nanosec=223453375), frame_id='gps')",0.0,0.0,0.0,0.0,0.0,0.0,0,0,144
1711460867.3402307,"std_msgs.msg.Header(stamp=builtin_interfaces.msg.Time(sec=1709002700, nanosec=552947625), frame_id='gps')",0.0,0.0,0.0,0.0,0.0,0.0,0,0,145
1711460867.6402936,"std_msgs.msg.Header(stamp=builtin_interfaces.msg.Time(sec=1709002700, nanosec=880469000), frame_id='gps')",0.0,0.0,0.0,0.0,0.0,0.0,0,0,146
1711460867.940489,"std_msgs.msg.Header(stamp=builtin_interfaces.msg.Time(sec=1709002701, nanosec=211828375), frame_id='gps')",0.0,0.0,0.0,0.0,0.0,0.0,0,0,147
1711460868.2409916,"std_msgs.msg.Header(stamp=builtin_interfaces.msg.Time(sec=1709002701, nanosec=538239875), frame_id='gps')",0.0,0.0,0.0,0.0,0.0,0.0,0,0,148
1711460868.541925,"std_msgs.msg.Header(stamp=builtin_interfaces.msg.Time(sec=1709002701, nanosec=538239875), frame_id='gps')",0.0,0.0,0.0,0.0,0.0,0.0,0,0,148
1711460868.8419666,"std_msgs.msg.Header(stamp=builtin_interfaces.msg.Time(sec=1709002701, nanosec=865182250), frame_id='gps')",0.0,0.0,0.0,0.0,0.0,0.0,0,0,149
1711460869.142026,"std_msgs.msg.Header(stamp=builtin_interfaces.msg.Time(sec=1709002702, nanosec=190761625), frame_id='gps')",0.0,0.0,0.0,0.0,0.0,0.0,0,0,150
1711460869.4472086,"std_msgs.msg.Header(stamp=builtin_interfaces.msg.Time(sec=1709002702, nanosec=524499750), frame_id='gps')",0.0,0.0,0.0,0.0,0.0,0.0,0,0,151
1711460869.7474937,"std_msgs.msg.Header(stamp=builtin_interfaces.msg.Time(sec=1709002702, nanosec=854721625), frame_id='gps')",0.0,0.0,0.0,0.0,0.0,0.0,0,0,152
1711460870.0480866,"std_msgs.msg.Header(stamp=builtin_interfaces.msg.Time(sec=1709002703, nanosec=193762375), frame_id='gps')",0.0,0.0,0.0,0.0,0.0,0.0,0,0,153
1711460870.3481789,"std_msgs.msg.Header(stamp=builtin_interfaces.msg.Time(sec=1709002703, nanosec=523791500), frame_id='gps')",0.0,0.0,0.0,0.0,0.0,0.0,0,0,154
1711460870.6480823,"std_msgs.msg.Header(stamp=builtin_interfaces.msg.Time(sec=1709002703, nanosec=856674625), frame_id='gps')",0.0,0.0,0.0,0.0,0.0,0.0,0,0,155
1711460870.948588,"std_msgs.msg.Header(stamp=builtin_interfaces.msg.Time(sec=1709002704, nanosec=191897625), frame_id='gps')",0.0,0.0,0.0,0.0,0.0,0.0,0,0,156
1711460871.2485223,"std_msgs.msg.Header(stamp=builtin_interfaces.msg.Time(sec=1709002704, nanosec=528192000), frame_id='gps')",0.0,0.0,0.0,0.0,0.0,0.0,0,0,157
1711460871.5490227,"std_msgs.msg.Header(stamp=builtin_interfaces.msg.Time(sec=1709002704, nanosec=528192000), frame_id='gps')",0.0,0.0,0.0,0.0,0.0,0.0,0,0,157
1711460871.849127,"std_msgs.msg.Header(stamp=builtin_interfaces.msg.Time(sec=1709002704, nanosec=866737125), frame_id='gps')",0.0,0.0,0.0,0.0,0.0,0.0,0,0,158
1711460872.1495507,"std_msgs.msg.Header(stamp=builtin_interfaces.msg.Time(sec=1709002705, nanosec=199258750), frame_id='gps')",0.0,0.0,0.0,0.0,0.0,0.0,0,0,159
1711460872.4498205,"std_msgs.msg.Header(stamp=builtin_interfaces.msg.Time(sec=1709002705, nanosec=533039125), frame_id='gps')",0.0,0.0,0.0,0.0,0.0,0.0,0,0,160
1711460872.7498112,"std_msgs.msg.Header(stamp=builtin_interfaces.msg.Time(sec=1709002705, nanosec=859966625), frame_id='gps')",0.0,0.0,0.0,0.0,0.0,0.0,0,0,161
1711460873.0503879,"std_msgs.msg.Header(stamp=builtin_interfaces.msg.Time(sec=1709002706, nanosec=194947000), frame_id='gps')",0.0,0.0,0.0,0.0,0.0,0.0,0,0,162
1711460873.3505065,"std_msgs.msg.Header(stamp=builtin_interfaces.msg.Time(sec=1709002706, nanosec=527370750), frame_id='gps')",0.0,0.0,0.0,0.0,0.0,0.0,0,0,163
1711460873.6508377,"std_msgs.msg.Header(stamp=builtin_interfaces.msg.Time(sec=1709002706, nanosec=855777375), frame_id='gps')",0.0,0.0,0.0,0.0,0.0,0.0,0,0,164
1711460873.9507363,"std_msgs.msg.Header(stamp=builtin_interfaces.msg.Time(sec=1709002707, nanosec=196689875), frame_id='gps')",0.0,0.0,0.0,0.0,0.0,0.0,0,0,165
1711460874.2509668,"std_msgs.msg.Header(stamp=builtin_interfaces.msg.Time(sec=1709002707, nanosec=552834000), frame_id='gps')",0.0,0.0,0.0,0.0,0.0,0.0,0,0,166
1711460874.5515954,"std_msgs.msg.Header(stamp=builtin_interfaces.msg.Time(sec=1709002707, nanosec=552834000), frame_id='gps')",0.0,0.0,0.0,0.0,0.0,0.0,0,0,166
1711460874.851421,"std_msgs.msg.Header(stamp=builtin_interfaces.msg.Time(sec=1709002707, nanosec=890256750), frame_id='gps')",0.0,0.0,0.0,0.0,0.0,0.0,0,0,167
1711460875.151717,"std_msgs.msg.Header(stamp=builtin_interfaces.msg.Time(sec=1709002708, nanosec=229311375), frame_id='gps')",0.0,0.0,0.0,0.0,0.0,0.0,0,0,168
1711460875.4516563,"std_msgs.msg.Header(stamp=builtin_interfaces.msg.Time(sec=1709002708, nanosec=571213750), frame_id='gps')",0.0,0.0,0.0,0.0,0.0,0.0,0,0,169
1711460875.7521036,"std_msgs.msg.Header(stamp=builtin_interfaces.msg.Time(sec=1709002708, nanosec=894073750), frame_id='gps')",0.0,0.0,0.0,0.0,0.0,0.0,0,0,170
1711460876.0523403,"std_msgs.msg.Header(stamp=builtin_interfaces.msg.Time(sec=1709002709, nanosec=215297750), frame_id='gps')",0.0,0.0,0.0,0.0,0.0,0.0,0,0,171
1711460876.3525205,"std_msgs.msg.Header(stamp=builtin_interfaces.msg.Time(sec=1709002709, nanosec=550487625), frame_id='gps')",0.0,0.0,0.0,0.0,0.0,0.0,0,0,172
1711460876.6529248,"std_msgs.msg.Header(stamp=builtin_interfaces.msg.Time(sec=1709002709, nanosec=874374125), frame_id='gps')",0.0,0.0,0.0,0.0,0.0,0.0,0,0,173
1711460876.9532394,"std_msgs.msg.Header(stamp=builtin_interfaces.msg.Time(sec=1709002710, nanosec=201191750), frame_id='gps')",0.0,0.0,0.0,0.0,0.0,0.0,0,0,174
1711460877.2536387,"std_msgs.msg.Header(stamp=builtin_interfaces.msg.Time(sec=1709002710, nanosec=528119000), frame_id='gps')",0.0,0.0,0.0,0.0,0.0,0.0,0,0,175
1711460877.5539458,"std_msgs.msg.Header(stamp=builtin_interfaces.msg.Time(sec=1709002710, nanosec=849542500), frame_id='gps')",0.0,0.0,0.0,0.0,0.0,0.0,0,0,176
1711460877.8541331,"std_msgs.msg.Header(stamp=builtin_interfaces.msg.Time(sec=1709002710, nanosec=849542500), frame_id='gps')",0.0,0.0,0.0,0.0,0.0,0.0,0,0,176
1711460878.1542099,"std_msgs.msg.Header(stamp=builtin_interfaces.msg.Time(sec=1709002711, nanosec=185517500), frame_id='gps')",0.0,0.0,0.0,0.0,0.0,0.0,0,0,177
1711460878.4546976,"std_msgs.msg.Header(stamp=builtin_interfaces.msg.Time(sec=1709002711, nanosec=516419875), frame_id='gps')",0.0,0.0,0.0,0.0,0.0,0.0,0,0,178
1711460878.755448,"std_msgs.msg.Header(stamp=builtin_interfaces.msg.Time(sec=1709002711, nanosec=844087375), frame_id='gps')",0.0,0.0,0.0,0.0,0.0,0.0,0,0,179
1711460879.0554938,"std_msgs.msg.Header(stamp=builtin_interfaces.msg.Time(sec=1709002712, nanosec=182212375), frame_id='gps')",0.0,0.0,0.0,0.0,0.0,0.0,0,0,180
1711460879.3556113,"std_msgs.msg.Header(stamp=builtin_interfaces.msg.Time(sec=1709002712, nanosec=525574750), frame_id='gps')",0.0,0.0,0.0,0.0,0.0,0.0,0,0,181
1711460879.655788,"std_msgs.msg.Header(stamp=builtin_interfaces.msg.Time(sec=1709002712, nanosec=857689250), frame_id='gps')",0.0,0.0,0.0,0.0,0.0,0.0,0,0,182
1711460879.9561338,"std_msgs.msg.Header(stamp=builtin_interfaces.msg.Time(sec=1709002713, nanosec=187870875), frame_id='gps')",0.0,0.0,0.0,0.0,0.0,0.0,0,0,183
1711460880.2566144,"std_msgs.msg.Header(stamp=builtin_interfaces.msg.Time(sec=1709002713, nanosec=513338250), frame_id='gps')",0.0,0.0,0.0,0.0,0.0,0.0,0,0,184
1711460880.557898,"std_msgs.msg.Header(stamp=builtin_interfaces.msg.Time(sec=1709002713, nanosec=835351500), frame_id='gps')",0.0,0.0,0.0,0.0,0.0,0.0,0,0,185
1711460880.858401,"std_msgs.msg.Header(stamp=builtin_interfaces.msg.Time(sec=1709002714, nanosec=159370750), frame_id='gps')",0.0,0.0,0.0,0.0,0.0,0.0,0,0,186
1711460881.1586604,"std_msgs.msg.Header(stamp=builtin_interfaces.msg.Time(sec=1709002714, nanosec=159370750), frame_id='gps')",0.0,0.0,0.0,0.0,0.0,0.0,0,0,186
1711460881.4592433,"std_msgs.msg.Header(stamp=builtin_interfaces.msg.Time(sec=1709002714, nanosec=484679000), frame_id='gps')",0.0,0.0,0.0,0.0,0.0,0.0,0,0,187
1711460881.7595546,"std_msgs.msg.Header(stamp=builtin_interfaces.msg.Time(sec=1709002714, nanosec=813671625), frame_id='gps')",0.0,0.0,0.0,0.0,0.0,0.0,0,0,188
1711460882.0598004,"std_msgs.msg.Header(stamp=builtin_interfaces.msg.Time(sec=1709002715, nanosec=144247000), frame_id='gps')",0.0,0.0,0.0,0.0,0.0,0.0,0,0,189
1711460882.3598912,"std_msgs.msg.Header(stamp=builtin_interfaces.msg.Time(sec=1709002715, nanosec=474557000), frame_id='gps')",0.0,0.0,0.0,0.0,0.0,0.0,0,0,190
1711460882.6600564,"std_msgs.msg.Header(stamp=builtin_interfaces.msg.Time(sec=1709002715, nanosec=801950750), frame_id='gps')",0.0,0.0,0.0,0.0,0.0,0.0,0,0,191
1711460882.9603028,"std_msgs.msg.Header(stamp=builtin_interfaces.msg.Time(sec=1709002716, nanosec=132505500), frame_id='gps')",0.0,0.0,0.0,0.0,0.0,0.0,0,0,192
1711460883.260665,"std_msgs.msg.Header(stamp=builtin_interfaces.msg.Time(sec=1709002716, nanosec=457710250), frame_id='gps')",0.0,0.0,0.0,0.0,0.0,0.0,0,0,193
1711460883.560859,"std_msgs.msg.Header(stamp=builtin_interfaces.msg.Time(sec=1709002716, nanosec=796002875), frame_id='gps')",0.0,0.0,0.0,0.0,0.0,0.0,0,0,194
1711460883.8610554,"std_msgs.msg.Header(stamp=builtin_interfaces.msg.Time(sec=1709002717, nanosec=124780000), frame_id='gps')",0.0,0.0,0.0,0.0,0.0,0.0,0,0,195
1711460884.1613486,"std_msgs.msg.Header(stamp=builtin_interfaces.msg.Time(sec=1709002717, nanosec=448983125), frame_id='gps')",0.0,0.0,0.0,0.0,0.0,0.0,0,0,196
1711460884.461195,"std_msgs.msg.Header(stamp=builtin_interfaces.msg.Time(sec=1709002717, nanosec=448983125), frame_id='gps')",0.0,0.0,0.0,0.0,0.0,0.0,0,0,196
1711460884.7615976,"std_msgs.msg.Header(stamp=builtin_interfaces.msg.Time(sec=1709002717, nanosec=790889500), frame_id='gps')",0.0,0.0,0.0,0.0,0.0,0.0,0,0,197
1711460885.0619273,"std_msgs.msg.Header(stamp=builtin_interfaces.msg.Time(sec=1709002718, nanosec=119212750), frame_id='gps')",0.0,0.0,0.0,0.0,0.0,0.0,0,0,198
1711460885.3622456,"std_msgs.msg.Header(stamp=builtin_interfaces.msg.Time(sec=1709002718, nanosec=448389750), frame_id='gps')",0.0,0.0,0.0,0.0,0.0,0.0,0,0,199
1711460885.6628838,"std_msgs.msg.Header(stamp=builtin_interfaces.msg.Time(sec=1709002718, nanosec=783451500), frame_id='gps')",0.0,0.0,0.0,0.0,0.0,0.0,0,0,200
1711460885.9628034,"std_msgs.msg.Header(stamp=builtin_interfaces.msg.Time(sec=1709002719, nanosec=116107250), frame_id='gps')",0.0,0.0,0.0,0.0,0.0,0.0,0,0,201
1711460886.2630064,"std_msgs.msg.Header(stamp=builtin_interfaces.msg.Time(sec=1709002719, nanosec=446525750), frame_id='gps')",0.0,0.0,0.0,0.0,0.0,0.0,0,0,202
1711460886.5634859,"std_msgs.msg.Header(stamp=builtin_interfaces.msg.Time(sec=1709002719, nanosec=780000625), frame_id='gps')",0.0,0.0,0.0,0.0,0.0,0.0,0,0,203
1711460886.8638034,"std_msgs.msg.Header(stamp=builtin_interfaces.msg.Time(sec=1709002720, nanosec=111890875), frame_id='gps')",0.0,0.0,0.0,0.0,0.0,0.0,0,0,204
1711460887.1638308,"std_msgs.msg.Header(stamp=builtin_interfaces.msg.Time(sec=1709002720, nanosec=437583625), frame_id='gps')",0.0,0.0,0.0,0.0,0.0,0.0,0,0,205
1711460887.4642947,"std_msgs.msg.Header(stamp=builtin_interfaces.msg.Time(sec=1709002720, nanosec=760522125), frame_id='gps')",0.0,0.0,0.0,0.0,0.0,0.0,0,0,206
1711460887.7644575,"std_msgs.msg.Header(stamp=builtin_interfaces.msg.Time(sec=1709002720, nanosec=760522125), frame_id='gps')",0.0,0.0,0.0,0.0,0.0,0.0,0,0,206
1711460888.0645406,"std_msgs.msg.Header(stamp=builtin_interfaces.msg.Time(sec=1709002721, nanosec=89997625), frame_id='gps')",0.0,0.0,0.0,0.0,0.0,0.0,0,0,207
1711460888.364839,"std_msgs.msg.Header(stamp=builtin_interfaces.msg.Time(sec=1709002721, nanosec=418208125), frame_id='gps')",0.0,0.0,0.0,0.0,0.0,0.0,0,0,208
1711460888.665209,"std_msgs.msg.Header(stamp=builtin_interfaces.msg.Time(sec=1709002721, nanosec=746287750), frame_id='gps')",0.0,0.0,0.0,0.0,0.0,0.0,0,0,209
1711460888.9653249,"std_msgs.msg.Header(stamp=builtin_interfaces.msg.Time(sec=1709002722, nanosec=70616500), frame_id='gps')",0.0,0.0,0.0,0.0,0.0,0.0,0,0,210
1711460889.2654614,"std_msgs.msg.Header(stamp=builtin_interfaces.msg.Time(sec=1709002722, nanosec=392394250), frame_id='gps')",0.0,0.0,0.0,0.0,0.0,0.0,0,0,211
1711460889.5670385,"std_msgs.msg.Header(stamp=builtin_interfaces.msg.Time(sec=1709002722, nanosec=713884250), frame_id='gps')",0.0,0.0,0.0,0.0,0.0,0.0,0,0,212
1711460889.867204,"std_msgs.msg.Header(stamp=builtin_interfaces.msg.Time(sec=1709002723, nanosec=42785750), frame_id='gps')",0.0,0.0,0.0,0.0,0.0,0.0,0,0,213
1711460890.1674767,"std_msgs.msg.Header(stamp=builtin_interfaces.msg.Time(sec=1709002723, nanosec=370862250), frame_id='gps')",0.0,0.0,0.0,0.0,0.0,0.0,0,0,214
1711460890.4675453,"std_msgs.msg.Header(stamp=builtin_interfaces.msg.Time(sec=1709002723, nanosec=696347625), frame_id='gps')",0.0,0.0,0.0,0.0,0.0,0.0,0,0,215
1711460890.7676594,"std_msgs.msg.Header(stamp=builtin_interfaces.msg.Time(sec=1709002724, nanosec=47538000), frame_id='gps')",0.0,0.0,0.0,0.0,0.0,0.0,0,0,216
1711460891.0683265,"std_msgs.msg.Header(stamp=builtin_interfaces.msg.Time(sec=1709002724, nanosec=371877250), frame_id='gps')",0.0,0.0,0.0,0.0,0.0,0.0,0,0,217
